Titel,Preis (€),Vergleichspreis (€),Grad
Braun Series 9 (Pro) Scherkopf: -30 % bei Bipa und 10€ Cashback (Lokal),31.99,41.99,109
1200 Yums bei TheFork,0,0,127
"Samsung S36GD Essential Curved Monitor 24 Zoll, Full HD, 4 ms Reaktionszeit, 100 Hz, Eco Saving Plus, Flicker Free, Schwarz, S24D364GAU",69.58,89.43,119
-25% auf die Crisp n Cream von NEOH,0,0,114
"DE LONGHI Pinguino PAC EX105 Klimagerät (Max. Raumgröße: 100 m³, EEK: A+++, 10000 BTU/h, Weiß)",699,883,150
MORE Protein Whey Trinkschokolade mit Zero Sugar 600 g,21.78,29.99,166
"""Flat Heroes"" (Nintendo Switch) - 1 Game / kein Euro -",0.99,9.99,131
"Picard & Wielpütz Solingen Besteck-Set »Luca«, (Set, 24 tlg.), hochglanzpoliert",39.99,49.99,109
"Akku Rasentrimmer STIGA GT 300e inkl. 2 Akkus 20V, 2 Ah und Ladestation",100,169,134
(Preisjäger Gewinnspiel) User des Monats - gewinne 75 € für Deals & Kommentare,0,0,1031
Philips Hue White & Color Ambiance Surimu Deckenleuchte 60W weiß 120x30cm,169,260.41,141
"""The Box Code: Retro Logic Game"" (Android) gratis im Google PlayStore - ohne Werbung / ohne InApp-Käufe -",0,1.19,135
TP-Link Deco X1500 Mesh WLAN 3er Set,93.78,124.43,136
MAMMOTION YUKA mini Mähroboter ohne Begrenzungskabel inkl. Garage,849,1098,179
Silk'n VacuPedi Hornhautentferner,29,40.98,123
"[McShark] Apple iPad Pro 11"" 4. Gen, Silber, 256GB",979.99,1089,133
Anker Space Q45 Over-Ear ANC Kopfhörer mit LDAC Hi-Res Wireless Audio,75.9,89.99,193
Emsa 513357 Travel Mug Classic | 360 ml Schwarz,14.11,18.99,318
"Amazon: Tefal Red Carpet Days z.B. Tefal XA7278 OptiGrill+ XL Backschale für 51,92€",0,0,149
"Film: ""Identität"" mit John Cusack und Ray Liotta, als Stream oder zum Herunterladen aus der 3Sat Mediathek",0,2.99,317
Rückzahlung bei DAZN - VKI klagt erfolgreich gegen DAZN - 13 Klauseln unzulässig,0,0,326
50% Cashback auf ein Gliss Full Hair Magic Produkt mit Promocode bei dm,0.23,3.45,250
"PROFI COOK PC-KTS 1224 7-tlg. Kochtopfset, aus Edelstahl",33,75.77,145
"SONGMICS Höhenverstellbarer Schreibtisch elektrisch, 60 x 140 x (72-120) cm, stufenlos verstellbar",91.98,118.99,199
eufy Omni C20 - Saug-& Wischroboter mit Basisstation,398.99,452.77,159
AliExpress Gutscheine: 3€ ab 29€ / 6€ ab 49€ / 10€ ab 79€ / 20€ ab 159€ / 30€ ab 239€ / 40€ ab 349€ / 50€ ab 459€,50,0,230
"Stadt Wien fördert 50% bzw. bis zu 1500€ für Jalousien und Markisen (auch nachträglich),",0,0,430
"Stiga Akku-Heckenschere HT 300E, 54cm, mit 2 Akkus",100,180,144
Philips NA221/00 Airfryer 2000 Series,59.99,79,147
Dicota USB-C/USB-A 11-in-1 Dockingstation,45.9,81.68,132
"ESN ISOCLEAR Whey Isolate Protein Pulver, Raspberry, 908 g, Clear Whey BESTPREIS!",37.35,49.9,297
[GzG] Always Discreet Slipeinlagen,0,12.95,375
"Remington NE3870 Multi-Trimmer, 1 - 5 mm (Abholung Wien)",11.92,16.9,131
"INIU Mag-Safe Ladegerät, 15W Qi2 inklusive 20W Ladegerät & 1,5m Ladekabel",12.09,24.19,179
CUDY LT500 AC1200 Wi-Fi Mesh 4G LTE Cat4 Dual-Band Router,35.12,48.02,123
The Bridge Curse 2: The Extrication - PS5,18.47,26.32,138
Jamie Oliver by Tefal Cook' Smart Bratpfannenset | 24 & 28 cm,55.9,83.95,403
"Mcdonalds Rabattwochen ab Di., den 13. Mai",0,0,398
EUFY SoloCam S220 IP-Kamera im 2er Pack inklusive HomeBase 3,205.9,239.95,149
Theo Klein 9356 - Kassenstation mit Folientastatur,22.99,34.49,163
"[McShark] Apple iPad Pro 11"" 4. Gen, Space Gray, 128GB",879.99,1003.53,177
Cashback für AMAZON bei PAYBACK bis 18.05 [Infodeal] Kategorien für welche es Coupons für erhöhtes Cashback gibt,0,0,126
80% Cashback auf Pirulo Eis,0.82,5.49,388
"Alexa-Sprachfernbedienung Pro mit Remote Finder ""wie neu"" (Preisfehler)",3.95,21.55,164
"Hörspiel: ""Die Chroniken von Narnia: Der silberne Sessel"" nach dem Fantasyroman von C.S. Lewis, als Download",0,16.26,414
JBL Tuner XL Bluetooth Digitalradio Lautsprecher mit DAB+,94.99,130.08,204
1€ chicken rolls bei Sajado 1030,1,10,316
Yeelight Arwen Ceiling Light 550S Smart RGBWW Deckenleuchte 50W mit Apple Homekit,97.52,127.71,158
"Philips 5000-Serie Stabmixer inkl. Schneebesen, Spiralizer, XL-Zerkleinerer - 1200 W Leistung",37.93,80.99,209
Adidas Fussball-Hartplatzschuhe Copa Pure 2 Club TF in 39 - 47,28.17,39.9,177
10% auf Sale: z.B. Tommee Tippee Nahrungszubereiter-Set GoPrep oder Perfect Prep Babyflaschen-Zubereiter,41.71,60.49,133
Gorenje NRK 418 ECS4 Kühl-Gefrierkombination mit NoFrostPlus & MultiFlow 360° inklusive kostenloser Altgeräte Entsorgung,312.41,418.98,408
Gutschein B&B Blumen,5,0,174
Yves Rocher: 1. Produkt im Warenkorb gratis ab 20€ Einkauf,0,0,406
Shöpping: 18/20€ Rabatt ab 149€ Einkauf,20,0,175
Tom Tailor: 33% auf den Einkauf inkl. Sale für Club Members,0,0,185
Abus Bordo Granit X-Plus 6500/85 - das hochwertigste Faltschloss von Abus für teuere Räder,83.98,129,300
"[MediaMarkt] BOSE Solo Soundbar Series II, Schwarz",147.99,201.64,275
[MAGENTA MOMENTS] BigBus Touren -30% weltweit,0,0,249
Pampers Baby Dry Pants mit Coupon unter 20 Cent pro Stück,34.71,53.62,186
Burger King Gutscheine mit vielen 1+1 Aktionen,0,0,342
Philadelphia Aktion 1+1 marktguru,0.62,1.24,249
Nivea Serum &Tages Set - Anti Falten PowerQ10,11.95,31.9,201
"Shelly AZ Plug Weiß mit WLAN und Bluetooth, 2500 W, Strommessung, Alexa-kompatibel",19.66,25.48,147
"Verfügbarkeitsdeal Lokal Interspar Breitenfurterstrasse, Wien: Pokemon Prismatische Entwicklung Tech Sticker",16.99,0,107
Kinetic Sillage Unisex Eau de Parfum 100ml,149,189,105
"Dreame L20 Ultra Saug- und Wischroboter, 7000 Pa, Gummibürste",507.95,699.99,439
Media Markt: Gratis Lieferung für alle Bestellungen - auch Speditionsware,0,0,1547
"(Bestpreis) AnkerWork M650 Kabelloses Lavalier Mikrofon mit Professioneller Geräuschunterdrückung, 2-Kanal Abnehmer, 200m Reichweite",70.58,79.99,183
Bestway SPIELPOOL BEACH BOUNCE 53381 365/340/152cm,143.1,0,172
Günstiger Akku-Sauger mit 450W/38.000 kPa,69.98,0,162
Nike Dunk Low Retro (phantom / black / vintage coral / pale ivory | Größe 40-45,74.7,101.99,190
Mafia: Definitive Edition (Mafia: Trilogy) + Mafia: The Old Country + TopSpin 2K25 = Treueprämien | [In-Game DLC] Kostenlos erhalten,0,0,133
Free Comic Book Day 2025: 5 kostenlose digitale Comics von Marvel bei Amazon oder bei Marvel Unlimited,0,0,244
"BE COOL Premium Quick Connect Split-Klimaanlage mit Heizfunktion (A++, 105 m³, 12000 BTU/h)",549,704.87,390
Gratis: 10x Indasa Schleifpapier Testpaket sichern!,0,0,402
Magenta Moments | Bis zu 500 Herzen gratis zum Muttertag,0,0,466
"Substral Rasensamen Sport und Spiel, 5kg, für ca. 250qm",24.33,38.58,259
Schlümpfe 2: Der Gefangene des grünen Steins (PS5) - Französisches Cover,15.82,38.31,213
Ambia Garden HÄNGEMATTE 320/120/120 cm,134.1,170.89,209
"XXXLutz: 15% auf viele Pools z.B. Bestway POOL SET POWER STEEL 5614V 396/107 cm für 211,65€ statt 353,69€",0,0,180
Für Grenzgänger: Midea PortaSplit bei Bauhaus in Slowenien für 795€,795,895,658
"""Wo Long: Fallen Dynasty"" (PS5) im Store abholen (Oda: Wo long gehts hier noch Innsbruck?) / (Versand für 3,99€)",18.99,33.97,143
2x WOLF-GARTEN Li-Ion Power Finesse 30 R Akkuschere inkl. Akku,25.9,55.98,141
"Shoe4You: 15% auf Koffer und Taschen inkl. Sale z.B. PUMA Core Pop Backpack für 16,96€ statt 23€",0,0,187
"Livetastic Dale Sessel aus Eisen, Mikrofaser, Holz",22.86,37.9,156
Simone Andreoli Leisure in Paradise - 5th Anniversary Limited Edition Unisex Eau de Parfum Intense 100ml,109.8,150,123
25% Bonusmeilen beim PAYBACK Punkte-Transfer im Mai 2025 zu Miles & More !,0,0,190
Samsung S25 Ultra 256GB + Cover + Adapter + Anti-reflecting film,1069,1157,218
[Google Play Store] Inked: A Tale Of Love reduziert zu haben,0.99,4.79,176
"The Witcher 3: Wild Hunt -> 2,99€ GOG Key [Humble Bundle] [Windows PC]",2.99,10.23,344
GameSir Cyclone 2 Multiplatform Wireless Controller Bundle mit TMR Electromagnetic Joysticks&Hall Effect Switch triggers,46.32,62.55,188
"[Humble Bundle] Must-play games by Xbox Game Studios - 8x Steam Spiele z.B. Quantum Break, As Dusk Falls, Ori and the Will of the Wisps uvm.",9.35,0,295
"Zwilling 36450-280-0 Heißluft-Fritteuse 4L, 1400 W, Schwarz",49.99,75.94,136
McDonalds App Minecraft AddOn oder 3€ Cineplexx Gutschein für je 30 Ms,0,0,179
"FUJITSU Notebook Lifebook E5411, 35,6 cm (14""), Core i3, 16GB, 256 GB SSD, Win11Pro, gebraucht",225.99,0,112
Transcend JetFlash 790 weiß 128GB USB-Stick,8.32,13.27,165
Gratis Comic Tag 2025 ist der 10. Mai,0,0,517
Quiksilver: 30% Rabatt auf die Frühjahrs-/Sommerkollektion,0,0,115
Silent Gentlemen (PC) gratis auf IndieGala,0,1.59,373
"MEDIA SHOP M35278 Velform Epilwiz Epilierer, mit vergoldetem Präzisions-Epilierkopf",19.7,29.99,111
"Beko BM3WFU3841X Waschmaschine, 8 kg mit 1400 U/min",308.74,416.9,135
"Flexispot: Brand Month Angebote z.B. Bürostuhl BS12 Pro für 279,99€",279.99,399.99,116
"Strong SRT55UD7553 55"" LED 4K Smart TV",298.9,479,135
Corsair Void v2 Drahtloses Gaming-Headset,100.83,128.02,123
"ACER AL16-52P-54XA I5-1334U 16GB 512GB 16IN WUXGA W11H 16 Zoll, WUXGA, Intel Core i5-1334U Prozessor, 16 GB RAM, 512 GB SSD, Win 11 Home",404.1,449,119
KIRKJUBØUR Vindr 1 oder 2 Personen Zelte in verschiedenen Farben,27.19,38.94,141
HiBREW H2B 5-in-1-Kaffeemaschine,82.99,100.52,167
HP Poly Voyager Free 20 In-Ear-Headset und Ladeetui,95.79,124.9,137
Ambia Garden HOLLYWOODSCHAUKEL 190/176/122 cm,249,349,202
NieR: Automata - The End of YoRHa Edition (Switch),14.76,19.99,162
48x Maggi Magic Asia Noodle Cups in 6 verschiedenen Geschmacksrichtungen,24.61,60.47,183
"Ring Stick Up Cam Battery Gen. 3, 2er-Set - Überwachungskamera für den Innen- und Außenbereich,",84.94,127.98,143
WC-Frisch Kraft Aktiv Pro Nature Minze und Eukalyptus 10er Pack,14.52,18.25,168
"ULYSSES Honi Adaptive Unisex Running Sneaker in verschiedenen Farben, Größen 36 - 47",56.4,75.8,152
Penny: 5€ Gutschein ab 50€ auf alles ab 8.5.,5,0,374
Asterix & Obelix XXL: Romastered Kostenlos bis 09.05. - 15.05.25 [Steam Key] [Fanatical],0,0,470
"-10 € für alle – 15 € für Backstageclub Mitglieder (ab Warenkorbwert 59,99€) bei EMP",10,0,154
Venetien: 4* Hotel Olympia Terme mit Halbpension und Thermalbecken - 3 od. 4 Nächte für 2,418,600,171
(Leak) Spar - 25% Joker - ab 26.5. bis 2.6.2025,0,0,709
"Ninja 5-in-1 Grill & Heißluftfritteuse EG351EU, bis 1,4kg,",152.99,219.99,170
Kärcher 36 V Akku-Rasenmäher LMO 36-40 Solo (ohne Akku),150.25,241.16,179
"""Streets of Rage 4"" (Android / iOS) falls ihr unterwegs rumprügeln wollt",1.99,8.99,176
[Magenta] Entschädigung möglich durch aktive Kontaktaufnahme - Massive Störung bei Magenta vom 07.05.2025,0,0,445
"PUMA LIGA Training Pant Core Herren Trainingshose in Schwarz oder Blau, Größen S - 3XL",14.99,17.99,157
Xiaomi Redmi Note 11S 5G 4GB RAM 64GB Dual Sim Midnight Schwarz EU,52.33,159,238
"ETOE Starfish Projector mit Android TV 11.0, 300 ANSI, 4K Decoding",139,169,164
Weekend Gutscheinwelt: Ab 09.05 wieder neue Gutscheine mit mindestens 25% (evtl. ist wieder Spar dabei?!),0,0,344
"Lebensmittel-Scanner für iOS | Mahlzeiten erkennen, protokollieren und Nährwertangaben schätzen | Lifetime Premium",0,29.99,286
Dyson Cinetic Big Ball Multifloor 2 Staubsauger,251.09,299,199
"Preisjäger Junior / Hörspiel: ""Gudrun Pausewang – Die Räuberschule"" gratis als Stream oder Download",0,7.95,224
5 Freeticket nach 5€ Wette auf Eishockey WM,0,0,243
C&A: 15% auf den Einkauf für Member inkl. Sale,0,0,236
"TP-LINK Tapo L900-10 RGB Smart WiFi LED-Streifen 13,5W, 10m",25.52,36.98,167
Philips Hue White Ambiance GU10 LED Spot 5er Pack,75.62,89.99,165
"Nintendo Switch Online Mitgliedschaft - 12 Monate (Family für 26,29€)",15.21,0,299
Nivona NICR 759 CafeRomatica Kaffeevollautomat,507.95,655,128
Gratis Blumen zum Muttertag ( Innsbruck),0,0.01,356
"Bestway Lay-Z-Spa Vancouver AirJet Plus WLAN Whirlpool, Ø ca. 155cm (229€ mit Bonuscard)",249,448,236
HyperX CloudX Stinger Core Gaming-Headset,55.9,83.69,134
"TCL QD-Mini LED 55Q7C 55"" QLED 4K Smart-TV mit 144hz, Dolby Vision, Modell 2025",649.99,799,162
"Lenovo Legion R27qe, 27"" IPS Gaming Monitor mit 180hz, 0,5ms",158.87,186.54,184
Apotheken-Gutscheine für viele Markenprodukte – direkt vor Ort einlösbar!,0,0,159
LG OLED65B4ELA,875.99,1133.99,286
Samsung Galaxy s25 coral red 128GB,569,650,207
"Tipp3 - 10 € Freebet für 10 € Wette (Quote ab 1,5)",10,20,330
-20% auf Tonies Figuren ab 2 Stk bei libro,23.18,33.98,350
Personalisiertes Muttertags-Ständchen von Seiler und Speer,0,0,317
Wolf-Garten SDL 2800 EVO Elektro-Häcksler,168.9,226.99,122
"Einhell Power X-Change Starter Kit mit 2,5 Ah Akku und Ladegerät",15.12,28.5,385
1 € Döner - Neueröffnung in 1100,1,4.9,218
"Bono Heißluftfritteuse Sven 3,5L, 1.200W",25,32.5,145
Zakynthos: Koukounaria Hotel & Suites 4* mit Halbpension und Kinderermäßigung - z.B. 7 Nächte,689,939,128
PUMA Epic Flip V2 Unisex Floppen in verschiedenen Farben & vielen Größen,14.66,16.98,109
TEFAL Tischgrill TG 3918 Elektrogrill 1600W,55,68.56,128
"Prime Gaming Mai 25: LEGO Star Wars: The Complete Saga , STAR WARS Galactic Battlegrounds Saga, Wolfenstein II: The New Colossus, ...",0,0,700
Finish 3€ zurück erhalten,0,0,128
Funko POP Sale bei Smyths Toys,1,0,228
REOLINK GO PT Ultra 4G G440 4K Überwachungskamera mit Sim-Funktion & SD Card Slot,77,137,102
STRONG EPP1500 Solar/Dynamo Notfallradio m. Taschenlampe 4000mAh,19.99,29.99,193
aida Muttertag Spezial in ausgewählten Lokale,14,29,237
"""Sea of Thieves: Heart of Fire (English Edition)"" kostenloses eBook bis 8. Juni sichern",0,9.99,287
Kreta: Asterias Village Resort 4* mit Halbpension und Kinderermäßigungen - z.B. 7 Nächte Anfang Juli,1075,1383,147
"Südtirol, Italien: ab 2 ÜN / Hotel Tenne Lodges / inkl. HP / Küchenzeile / Zugang zum Wellnessbereich / ab 608€ für 2 Personen",608,854,119
Logitech G G535 Lightspeed Wireless Gaming Headset,56.47,76.46,226
SORA AI Bildgnerator von OpenAI ab sofort kostenlos,0,20,680
"""Touch Type Tale"" + ""Deadtime Defenders"" (PC) kostenlos im Epic Games Store ab 8.5. 17 Uhr",0,19.99,469
JIMMY HF9 3-in-1 Multi-Haarstyler mit verschiedenen Aufsätzen,99.99,139.99,139
"""MR RACER : Premium Racing Game"" (Android / iOS) gratis über Epic Games Store holen ab 17 Uhr",0,4.49,465
"Gardena 14602-20 Akku-Regenfasspumpe inkl. Akku, max. 2000L",79.19,118.22,119
"[GOG] SILENT HILL 2 (2024) ► [VPN mit NL Code: 19,18€ / Deluxe Edition mit NL Code: 22,18€] | Metacritic: 87 (DRM Frei) [Windows PC]",19.18,48.99,164
[Galaxus] 5 % Rabatt (10-fach Payback-Punkte) auf den Online-Einkauf über PAYBACK bis zum 11.05.2025,0,0,129
Pagro: 10% auf den Einkauf für Stammkunden,0,0,132
Interspar Weinwelt: kostenloser Versand ab 50€ (statt 100€),0,9.9,136
Bosch MyUnlimited Akku-Staubsauger konfigurieren und 100€ sparen + 10% auf Zubehör,188,288,151
"""Mystery Games"" (PC) kostenlos im Epic Games Store! Ab 15.5. 17 Uhr gibt es wieder die beliebten Vault-Games",0,0,432
Mäser Kombiservice Serie Inoda 16tlg.,20,40,148
"Info-Deal: Post beendet A1-Vertrieb, wird selbst Mobilfunker",0,0,516
"Veltie WC-Papier 3-lagig, 150 Blatt pro Rolle, 16 Rollen XXL Pack - Penny",3.99,4.7,204
Apple Watch Series 10 (GPS) 42mm Aluminium diamantschwarz mit Sportarmband S/M,329.26,379.99,237
[XXXLutz - Eisdiele] Vom 8.5. bis 15.5. - 1 Gratis Eiskugel für Alle von 13 bis 14 Uhr,0,0,453
Cursor Pro 1 Jahr gratis für Studenten,0,240,205
"Netflix Premium 4K (Ultra HD) Plan – über Afghanistan | 8,85 €",8.85,0,281
"Google Pixel 8a um 299€ oder Google Pixel 9 um 499€ (schwarz, 128GB)",299,387,1046
Penny Preise Reise Gewinnspiel,0,0,700
"KangaROOS Herren Chino-Hose aus Baumwolle W30-40, L32 oder 34",21.11,40.49,104
Venom Doppel-Ladestation mit 2 x wiederaufladbaren Akkupacks für Xbox,13.41,26.9,157
Bosch Serie 6 Küchenmaschine MUMS6ZS34 mit Waage 1600 W Schwarz + 2. Edelstahlschüssel,649,756.74,133
"Dell Alienware AW3423DWF OLED 34 Zoll WQHD (3440x1440) 21:9 1800R Curved Gaming Monitor, 165Hz",555,612,422
PIRULO 1+1 AKTION - Marktguru + Billa Plus !,1.5,5.49,158
Foodora Pro (Quartalsweise um 1 EUR pro Monat),1,5.99,225
"Nici 46622 Glubschis Kiwi Soda, ca. 15cm",4.12,6.23,127
BRITAX RÖMER - SMART Kindersitz EVOLVAFIX i-SIZE night blue,162.34,216.19,153
Keter Novel Aufbewahrungsbox | 340 l,58.9,79.95,203
Sportspar: Puma WOW Deals,0,0,470
Razer Seiren Mini Quartz USB Kondensator-Mikrofon,20.16,26.34,160
"Lieblingsfoto.de: 80% Rabatt auf alle Leinwände - z.B. 60x40 cm um 16,98€ inkl. Versand",0,0,651
[Eis-Greissler in Krumbach] kostenloser Eintritt für Raiffeisen-Kontoinhaber mit Debitkarte (Bankomatkarte) oder Sumsikarte,0,0,220
"Fischer & Honsel LED Tischleuchte Nil, 37,5 cm x 17 cm",27.94,47.53,143
Bipa 25% Sticker (1597 - 3819 - 2617) & 27% App-Sticker (109),0,0,245
Lieblingsfoto: 70% auf alle Fotos auf Aluminium (weiß oder gebürstet),0,0,364
"Kostenlose Lieferung aus Deutschland nach Österreich mit AllesPost Deutschland – statt 7,49 € jetzt gratis!",0,7.49,2467
Betten Reiter: 20% auf fast alles für Vorteilskunden,0,0,163
Smoby Outdoor Spielhaus Sweety Corner,129,168.99,126
Billa: 15% auf alle Wellcard und Zalando Gutscheinkarten ab 08.05 in den Filialen,0,0,494
Eurospar Wien Vorgartenstrasse: Totalabverkauf am 9.5. wegen Umbau,0,0,298
"BILLA Abverkauf Grillerei Sauce White BBQ [-75% + 25 % Pickerl] = 0,38 Euro",0.38,0,142
25 % Billa Pickerl auf der OE24,0,0,364
ONEPLUS 13 OXYGENOS 16GB RAM und 512GB Und das Ganze Direkt von Amazon!,956.97,990,231
"[Wochenendaktionen] bei BILLA, SPAR, HOFER, LIDL & PENNY - KW19/25",0,0,316
"E3B Mini PC Ryzen 7 5700U, 16GB RAM / 512GB SSD, Vega 8, WiFi 6, BT 5.2, USB 3.2",281,329,147
"Südtirol: Aktiv- & Vitalhotel Taubers Unterwirt 4* mit 3/4 Pension, Gästecard und Wellnessbereich - ab 2 ÜN",458,596,152
Nudeln bei Spar ab 2 Packungen im Angebot,0.99,1.49,257
"Milka MMMAX - 260g bis 300g Tafeln Freitag und Samstag für 2,49 Euro bei Hofer",0,0,285
"Philips 5000-Serie Stabmixer inkl. Schneebesen, Spiralizer, XL-Zerkleinerer 1200 W",39.9,76.99,309
"Neueröffnung in Wien 1060, Tacos & Burger um € 2",2,0,250
BIPA Wienerbergstraße Neueröffnung - Eröffnungsangebote (wie Gratis Tragetasche für alle / BI Care Dusche für die ersten 100 KundInnen),0,0,181
Sardinien: Nicolaus Prime Villas Resort 4* mit Vollpension und Strandservice,1065,1280,157
"Nuki Smart Lock 4.0 weiß, elektronisches Türschloss",109.95,129.99,206
"HASKYY 8tlg. 1/2"" Drehmomentschlüssel-Set 28-210 Nm I 17 19 21mm Schlagschrauber-Nüsse Set - Schoneinsätze",36.84,43.34,178
Gratis Eintritt in das Bank Austria Kunstforum am Wiener Linien Tag [WienMobil-App/Jahreskarte],0,14,253
Adidas CENTENNIAL 85 LO 002 Lowtop blau | Größe 40-48,44.38,70,301
"SanDisk USB-Stick Sammeldeal: Ultra Flair 128GB 9,98€ / Ultra 256 GB 16,07€ / Ultra Luxe 256GB 20,16€ / Ultra Fit 1TB 69,70€",9.98,13.9,285
Bosch Cookit Multikocher Küchenmaschine in verschiedenen Bundles mit Zubehör (1399€ bzw. 1599€),1399,0,150
"[Infodeal] Milka Glücksrad, Chance auf 3€ Cashback 10.000x (Gewinn möglich)",0,0,455
Philips EP2333/40 Kaffeevollautomat,342.85,424.99,196
Ernstings Family: Bis zu 50% on top auf Sale z.B. Baby Langarmshirt für 3€ oder Damen Weste für 16€,0,0,181
Timberland: 25% on top auf den Mid Season Sale ab 150€ Einkauf,0,0,131
"GOURMETmaxx Doppelkammer-Heißluftfritteuse 2x 3,5L - Edelstahl, 2400W",59.99,79.65,180
Logitech G-X56 H.O.T.A.S. Controller zum BESTPREIS!,183.77,211.13,168
"Bosch ErgoMaster MSM4B6V2 Stabmixer 1000W mit Zubehör, BPA-frei, Grau",49.99,73.43,168
"CLATRONIC FR3782H Heißluftfritteuse (5 l, 1450 Watt, Edelstahlfront)",39.99,62.3,190
"Caturix Curridur Messenger Bag | 15,6''",30.9,68.99,213
Rituals Surprise Box,17.8,0,167
3 kostenlose Assets für Unreal Engine und Unity im Fab Store (früher Unreal Engine Marketplace),0,74.05,366
Thule Construct Laptop-Rucksack | 24 Liter,55.9,91.73,255
"""IL-2 Sturmovik: Battle of Moscow"" (PC) kostenlos",0,9.79,344
(Geheimtipp Megathread) 1kg Kaffeebohnen - verschiedene Sorten zu Spitzen-Bestpreisen,9.74,16.79,999
"Braun Barttrimmer BT3525 Series 3 inkl. 4 Zubehörteilen, bis 20mm",26.77,43.82,418
"Mtel: MEGA SWEAZY 5G mit 100GB Daten für 6 Monate, ohne Bindung",7.31,14.62,340
[Wien] Hori Fighting Stick Mini (PS5/PS4/PC),39.83,56.99,163
"INIU Power Bank, 22,5W Powerbank Klein Aber Stark 20000mAh (USB C Input & Output) mit Notfall Taschenlampe",9.97,16.41,103
"Palmolive Men Duschgel 500ml, Cool Splash, Spice Up oder Charge Up",1.49,2.79,244
Epson EcoTank Pro ET-M16680 3-in-1-Monodrucker | DIN A3,507.95,852.7,142
"[Humble Bundle] Choice Mai mit The Thaumaturge, Evil West, Amnesia: The Bunker, STAR WARS: Bounty Hunter, Shadow Gambit [8 Steam Keys]",12.99,76.3,173
Xiaomi Redmi Note 14 6GB/128GB zum Bestpreis,135.13,144.45,230
CMF Phone 2 Pro aktuell bei Amazon mit CMF buds 2,249,299.8,224
Marktguru: 40ct Cashback auf Croissants,0.19,0.59,261
[GzG] Edgard & Cooper Katzen-/Hundefutter (bis max. 25€),0,25,219
"OLED65B4ELA TV 165 cm (65 Zoll) OLED Fernseher (α8 4K AI-Prozessor, webOS 24, Dolby Vision, bis zu 120Hz) [Modelljahr 2024]",882.35,1204.99,381
"LG OLED55B4ELA TV 139 cm (55 Zoll) OLED Fernseher (α8 4K AI-Prozessor, webOS 24, Dolby Vision, bis zu 120Hz) [Modelljahr 2024]",684.71,919.99,562
XXXLUTZ Muttertagsfrühstück,7,12.9,327
Heiße Liebe bei Mömax um 2€,2,4,318
Philips Series 9000 Prestige Wet & Dry Rasierer SP9883/36,227.43,288,124
Starlink – Gratis Standard-Kit bei 12 Monaten Vertragsbindung – nur 50 €/Monat,600,949,258
3x 440ml SodaStream Sirup Schwip Schwap,10.16,12.87,154
"BioShock Infinite: The Complete Edition ►0,45€ / mit Guthaben nur ►0,05€ | Shooter | Metacritic: 94 [GOG Key] [Kinguin]",0.45,0.77,176
Nur in der Lidl Filiale in Felixdorf: -15% auf das gesamte Sortiment und -25% auf das gesamte Biersortiment (Lidl Plus App erforderlich),0,0,182
"PS Plus Essential Mai 25: Ark: Survival Ascended, Balatro, Warhammer 40,000: Boltgun",0,0,497
Lieferando Neukunden: Spare 12 € bei deiner ersten Bestellung (bestandkunde),12,0,1457
Ambia Garden GARTENLIEGE 168/55/54 cm,79.9,132.49,272
"Acer Predator Rift Gamingsessel, bis zu 110 kg, 4D-Armlehnen, 155° neigbare Rückenlehne",99.24,149.12,234
Mykonos: Kouros Hotel & Suites 5* mit Frühstück und Meerblick - z.B. Last Minute für 7 Nächte,1449,1901,184
Ambia Garden GARTENLIEGE 198/70/62 cm in Dunkelgrau oder Grün,48,79,252
"Steckdosenwürfel 4-Fach (mit 1,4m Kabel und erhöhtem Berührungsschutz), Brennenstuhl",9.88,12.99,208
"Ampace Andes 1500 LFP Powerstation 1462Wh, 2400W",679.99,779,143
Gratis Eintritt ins großer Pflanzenverkauf von Pflanzen für alle in Graz und Wien,0,0,248
Babbel Lebenslanges Sprachenlern-Abonnement (Alle Sprachen),149.94,528.34,247
Freier Eintritt ins Haus der Geschichte (hdgö) am 8. Mai,0,10,196
5€ Rabatt ab 15€ Bestellwert auf ausgewählte Nivea MEN Produkte,5,0,246
(Verfügbarkeitsdeal) Amazon - Midea PortaSplit,906,0,846
"[Wien] Xiaomi Redmi 13 6GB/128GB in Schwarz, Blau oder Pink",92.65,110,228
Nintendo Switch 2 [Amazon FR],445.4,469,348
Logitech MX Keys Mini Tastatur,64,80.57,183
"HONEYWHALE E9 Elektroroller mit ABE-Zertifizierung, 350-W-Motor, 36-V-7,5-Ah-Akku, 8,5-Zoll-Reifen, 20 km/h",169,296,265
SUMUP Solo Lite Kartenterminal,25,34,204
Bayern München - ALPINA MITZO - Verspiegelte Sonnenbrille für Kinder und Jugendliche,9.24,17.7,170
Muttertag am Wilden Berg Mautern,11,21.5,140
Bettwäsche Linus in Grau oder Türkis ca. 140x200cm,5,10,127
"Lenovo Essential Funktastatur und -maus Kombi Gen 2, Schwarz",36.76,44.9,168
"Mömax: 20€ ab 100€ Einkauf auf Wohnaccessoires wie Deko, Textilien und Leuchten",20,0,320
On Laufschuhe (verschiedene Modelle),100,150,158
Polsterbett Barleta Dunkelgrau ca. 90x200cm (120x200cm für 139€ / 140x200cm für 189€),89,157.49,134
Weber 6417 Alu-Tropfschalen Summit 10 Stück,10,13.74,138
"Anker Powerbank 20.000mAh 30W mit integriertem USB-C Kabel, High-Speed portables Ladegerät, 1 USB-C, 1 USB-A, Akkupack",20.24,25.24,162
Marktguru: 100% Cashback auf Himmeltau Grießbrei Quetschies mit Frucht,0,1.39,376
"Möbelix: 1+1 gratis auf ausgewählte Sesseln, Kombiservices und Matratzen usw. - z.B. 2x Webstoffsessel um 32,90€ inkl. Versand",32.95,62.85,173
XXXLutz: 30% auf fast alle Orientteppiche inkl. Sale,0,0,293
150 extra p,0,0,454
Billa JÖ App 5€ Rabatt für 250ös Nur Heute,0,0,420
PHILIPS 65OLED809 (2024) 65 Zoll 4K OLED Smart Ambilight TV,1274.15,1699,427
Anker Gutschein in der Heute Zeitung,0,0,219
Bonusprodukt BI Care Duschgel oder BI LIFE DENT Zahnpasta für 50Ös,0,1.19,132
Bodylotion Beere & Jojobaöl,1,1.95,162
"-50% auf Tickets des City Airport Trains (Nötig WL-Jahreskarte, KlimaTicket oder ÖBB Vorteilscard...etc...)",12,24.9,316
"Pinnadeln farbig Sortiert (blau, rot, weiß), Griff aus Kunststoff, Metallspitze 7 mm lang, zum Befestigen von Notizen, Unterlagen, Bilder",0.41,4.99,153
"Hofer Nussknacker € 0,89, bis 8. Mai",0.89,1.49,171
[GzG] Milka Schokoladenmilch - Beschreibung lesen!,0,1.49,268
Preisfehler. PS 5 Pro um 111,111,0,544
"Lenovo IdeaPad Slim 3 16ABR8 Notebook, Arctic Grey, 16"" 1920x1200, Ryzen 7 7730U, 16GB RAM, 1TB SSD, DE, Free DOS (kein Windows enthalten)",494.01,548.15,338
"TP-Link LS1008G 8-Port Desktop Switch (8 x Gigabit Auto-Negotiation RJ45 Ports, IEEE 802.3x, Plug and Play, energiesparend, schwarz",14.81,22.39,229
Bipa Glücksmoment 2025 Gewinnspiel mit 200.000 Sofortgewinne,0,0,970
Magenta Moments - Gratis Schokolade zum Muttertag,0,0,632
On Cloudflow 4 schwarz/weiß (auch in anderen Farben erhältlich),101.99,122.48,285
Gratis Programmier-Ausbildung bei 42Vienna – ohne Vorwissen & Gebühren!,0,0,400
[Google Play Store] Star Wars: KOTOR I & II reduziert zu haben,4.39,10.99,132
Lego Icons Blacktron Renegade 10355,74.95,92.83,178
Jeden ersten Mittwoch - Freier Eintritt in die Secession [Austellungshaus/Kunst],0,12,392
"Abtei Beta-Carotin Plus Kapseln, 150St., für eine gesunde Haut",4.62,13.47,138
2x Brilliant Bardum LED-Außenwandleuchte,25.9,39.98,109
"38 W Schnellladegerät Set, 4-teilig",7.95,9.95,168
DM active BEAUTY 05/25,0,0,216
"Willhaben: Versandkosten nur 1,99€ (auf Kleidung und Kinder-Artikel)",1.99,4.3,364
"2x Inzersdorfer Fleischbällchen, je 400g",3.97,10.58,130
[Wien] Remington S9100 PRO-Luxe Straightener,31.92,45.61,130
5x Philips OneBlade QP250/50 Klingen (Abholung Wien),31.12,43.44,211
Städtetrip München: Feringapark Hotel Doppelzimmer inkl. Frühstück 69 € für 2 Personen (Mai bis Juli),69,102,249
"Trentino: Hotel Royal Hinterhuber 4* mit Verwöhnpension, Wellness und Sporteinrichtungen - 2 bis 7 Nächte",798,1000,135
"[Wien] Sonoff NSPanel Pro weiß, Zentrale",71.92,0,133
[Wien] GameSir Cyclone 2 Multiplatform Controller Black mit Hall Effect,44.12,53.02,155
Nikon NIKKOR Z 28mm F2.8 Objektiv,143,198.99,139
"[Wien] TP-Link Tapo T310, Temperatur-/Feuchtigkeitssensor",12.72,16.03,200
SONAX Innenreinigungstücher 10 Stk.,2.54,3.91,192
"Seagate Expansion Card for Xbox Series X/S 2 TB Schwarz (Abholung Wien / sonst 4,49€ Versand)",195.92,238.99,233
ÖFB Österreich PUMA Herren Präsentationsjacke (S-3XL),35.99,45.99,173
1x Gratis Tageskarte Luftburgspringen im Kolarik im Prater (beim Freizeitareal) [WienMobil-App/Jahreskarte],0,6,294
EVN-Preiserhöhung 2022 RECHTSWIDRIG! GELD RETOUR,0,0,649
[GzG] ODOL-MED3 White Renew,0,4.55,635
[BILLA & BILLA PLUS] Dr. Oetker Suprema Pizzen (diverse Sorten) mit - 25 % Pickerl,3.74,6.79,174
"THERMACELL E-90 Akku Insektenabwehr, bis zu 29m², Schwarz, 9h Akkulaufzeit",44.99,64.9,158
Logitech MX Master 3S | kabellose Maus | ergonomisch mit 8k DPI | schwarz / weiß | Versand aus Amazon Frankreich,64.56,85.85,701
Ondega Terrassenfliese Rudi 30x30 Cm Akazienholz,1.46,2.29,403
"Anker EverFrost 50 Akku-Kühlbox mit herausnehmbarem 299Wh Akku, Gleichzeitig Kühlen + Gefrieren für 20-35 Std, 53 Liter",507.95,778.8,143
"Hakle Feucht Pur im 12er-Pack, 504 Tücher (12 x 42 Blatt),",12.76,20.29,216
Ambia Garden SCHAUKELLIEGE 148/85/63cm in Dunkel- oder Hellgrau,49,69,248
"INIU 45W Power Bank, 20000mAh Klein Powerbank mit Integriertem USB-C Kabel",14.36,28.49,118
Intex Water Gun Plane Ride-ONS,10.58,16.39,176
"[Google Play Store] The Past Within von Rusty Lakes reduziert zu haben (Koop-Spiel, also 2xkaufen)",1.19,3.59,129
50% Cashback auf Glade Refreshing Air Kollektion,2.75,5.49,195
"Victorinox Sparschäler, Kartoffelschäler, Peeler, Extra Scharfe Klinge, Gerader Schliff, Rostfreier Stahl, Metall",5.95,8.46,378
[Personalisiert] foodora €6 ab €24 als Welcomeback Geschenk,6,0,161
SAMSUNG und Coca Cola Rabattaktion,150,0,694
Nutribullet Original 600W Kompaktmixer,50.41,69.9,170
Baue ein LEGO NINJAGO Donnerzahn-Set und nimm es mit nach Hause!,0,0,272
"""LEGO Star Wars: Die Skywalker Saga"" (PC) gratis im Epic Games Store zur Feier des Star Wars Days bis 5.Mai um 17 Uhr holen und behalten",0,49.99,864
Sehen!Wutscher - 10% auf Wertgutscheine,0,0,133
"Info-Deal: Rusty Lake veröffentlicht zum Jubiläum kostenloses Spiel ""Mr. Rabbit Magic Show"" für PC, Mac, Android und IOS",0,0,396
The Room-Reihe reduziert im Google Play Store,0.99,2.39,373
Gratis Testen Sante Tagescreme,0,9.95,138
[Google Play Store] Mehrere Spiele von Rusty Lake reduziert zu haben,1.19,3.59,197
Blumenständer Black times,7,55.95,232
Bis zu -50 % in vielen Restaurants via TheFork (nur bei Online-Reservierung),0,0,288
Vienna Vikings Dreier Abo für Sommerspiele zum Top Preis,59,119,198
"""Fanatical Comic Book Day"" gratis Teenage Mutant Ninja Turtles Vol. 1: Change is Constant, uvm. holen",0,10.99,350
"SanDisk High Endurance microSDXC Speicherkarte 128 GB + Adapter (Für Dash-Cams und private Überwachungskameras, 100 MB/s Lesen, V30 für 4K)",13.1,17.65,378
"Vileda Glitzi Plus Topfreiniger, Schaum, Blau, 9er Pack",2.8,4.99,391
Maison Cirvelli Oud Maracuja Extrait de Parfum 50ml,159,214.5,124
"Gamer Controller Teppich 140x200 cm (80x120cm für 10,07€) [China Händler]",13.1,23,127
Samsung Galaxy Buds3 Pro In-Ears Silver,134.95,148.95,172
MEM Stein-Imprägnierung 5L,22.19,33.95,274
Intex Aufblasbares Krokodil bei Action,5.95,10.61,237
"SKY X Fiction um € 55,00 (12 Monate) / mit Box um € 74,99",55,0,950
"Eröffnungs-Deal bei Wiener Dönerhaus (1200), Samstag ab 14h",1,5,101
"[Wien] Paco Rabanne Million Gold Elixir Parfum Intense 200ml (50ml für 63,40€ statt 74,66€ / 100ml für 84,20€ statt 99,69€)",114.9,129.94,226
"Relaxliege Ilva Blau mit Gestell und Dach, ca. 278 cm",50,70,349
10% Flixbus Rabatt mit der Magenta App,0,0,224
"4x Philips Hue White E27 Lampe (1055lm, dimmbar, warmweißes Licht)",25.65,45.27,411
"yesss Unlimited XL 14,99€ 6 Monate lang für Bestandskunden",14.99,19.99,244
15% Wellcard Auflade-Bonus bis 4. Mai,0,0,709
"Lady-Steak, Backhendlsalat, Caesar Salad, Heisse Liebe",8,0,304
Flexispot Bürostuhl BS5 in 5 versch. Farben,169.99,199.99,256
SONGMICS Schuhregal mit 4 Ebenen,8.05,17.68,400
Samsung Ultra-Slim Soundbar HW-S70 White,207.95,248.49,143
Kinder Duo uund/oder Cards Gratis Testen,0,2.25,281
Wilfa Probaker Extrem Bundle - Wilfa Probaker Timer + Wilfa Probaker Zubehör Adapter + Wilfa Max Küchenwaage,949,1037.9,113
[igraal] NordVPN 2-Jahres-Abo mit 100% Cashback,0,0,323
"(China Händler) Tilswall Farbsprüher – Elektrische Spritzpistole, Leicht & Vielseitig, 4 Düsen, 3 Muster, Ideal für Möbel, Zäune & DIY",33.99,79.99,104
15 % Rabatt mit FlixBus & FlixTrain zur Europa League sichern!,0,0,217
Power A Nintendo Switch Slim Case mit Link aus Zelda,3,7.99,250
"""Let's Sing 2025 deutsche Version mit 2 Mikrofonen"" (Nintendo Switch) zum SimplytheBestpreis bei Smyth Toys",30,39.99,222
-25% Joker bei Spar von 8. bis 14.5.,0,0,1033
"XXXLutz Restaurant: Neue Gutscheine - z.B. Backhendl, Schweinerückensteak oder Spinatknödel",0,0,369
"""Zerko"" (Android) gratis im Google PlayStore - ohne Werbung / ohne InApp-Käufe -",0,1.89,308
"Wizzair: Neuer ""ALL YOU CAN FLY"" Plan verfügbar (unbegrenzt international fliegen um 599€ jährlich + 10€ pro Flug)",599,0,1219
"Fischer Mini-Luftpumpe mit Manometer, Doppelhub-Technik, für alle Ventile (AV, DV, SV), Duokopf, aus Aluminium, extrem kompakt",5.04,12.5,269
Funko POP! Marvel Amazon (Prime),4.52,10.07,131
Croozer Lastenanhänger Cargo Kalle Stone Grey,279.35,399.95,163
20 % Rabatt bei Pearle – exklusiv für ÖAMTC-Mitglieder!,0,0,323
TWINKLY DOTS RGB Spotstrip 200 LED - 10 m,38.39,61.4,130
"Sportspar: Home Sale z.B. Sonic Fußball Bettwäsche Set für 20,99€ statt 26,99€",20.99,26.99,124
AOC Gaming CQ27G2SE - 27 Zoll QHD Curved Monitor,160.34,200.68,133
Apple Sport Band für Apple Watch Series 1-10 / SE / Ultra (2) - 42/44/45/46/49 mm - Red,15.29,34.8,148
Patagonia Fieldsmith Linked Pack 24L,47.99,65.97,140
Apple Leather Wallet MagSafe (Apple Wallet 1st generation) - Arizona,26.99,37.9,204
Hainan air: Flug von Budapest nach China (Shanghai oder Chongqing) 320€,320,0,217
Pokemon TCG Pocket - kostenlose Stundengläser + Tokens,0,0,330
Für ÖAMTC Mitglieder: -10% Rabatt bei Flixbus,0,0,246
Ambia Garden Solar Akku-Tischleuchte in Schwarz oder Weiß,23.99,39.9,178
-20% auf deinen Einkauf ab 30€,0,0,223
"[Steam] Command & Conquer The Ultimate Collection ► 6,96€ | Strategie Klassiker",6.96,19.88,279
Roberts Beacon 325 Bluetooth-Lautsprecher Yellow,25.9,49.99,139
Puma Solarsmash RCT Unisex Sportschuhe in 39 - 47,36.23,56.26,172
Bis zu -20% auf Outdoor Möbel mit der IKEA Family Card,399,499,184
12 X 50g Multipack Kookie Cat Ananas & Orange - Vegane Cookies bio (Amazon Prime Sparabo),8.74,13.41,169
JÖ.Sportpass: 50% Rabatt auf das erste Monat + 1000 extra Ös,0,0,320
Radiowecker Philips TAR4406,17.21,28.87,125
"Universal: 25% Rabatt auf Mode, Bademode & Strandbekleidung + 15Fach Extra Ös auf Bademode, Sportmode, Sportschuhe & Sportaschen",0,0,188
Tchibo: 15% Rabatt ab 2 Artikel auf alle Themenwelten inkl. Sale mit TchiboCard,0,0,206
SanDisk Ultra Curve 3.2 Flash-Laufwerk 256 GB,17.13,28.62,268
s.Oliver: 30% on top auf Sale,0,0,206
"Intenso Energy Ultra AAA Micro LR03 Alkaline Batterien 24er Box, Gelb-Schwarz",4.84,7.95,256
"PUMA Unisex, ESS Cap, White-No,1, Adult",6.05,9.99,237
"Güde GFP 5201 Regenfass-Tauchpumpe 350W, 5200 l/h",33.27,47.77,186
"Blume2000: 20% Rabatt auf Bestellungen ab 29,99€ z.B. ""Flower Bomb"" mit 30 Tulpen für 36,98€ inkl. Versand",0,0,322
Lieblingsfoto: 75% Rabatt auf Gartenposter (vorgefertigtes Format oder personalisiertes Bild),0,0,226
"25% auf Tickets für das Musical ""Das Phantom der Oper""",0,0,241
"[Wien] Realme GT7 Pro Galaxy Grey 12/256GB 17,22cm (6,78"") Android 15",566,699.99,231
Smoby Outdoor Spielküche für den Garten,48.23,60.8,162
QUICK DEAL - 100% Cashback auf KnabberNossi Snack Box,0,3.99,497
"Potensic APM132021 Atom LT Fly More 2,5K Video Drohne",175.9,230.39,183
INIU 100W USB-C Kabel 2 x 2m,4.94,11.89,362
Gratis Museen und Öffis im Bundesland Salzburg,0,15,263
"Stanley Schraubendreher mit Wendebits ""Carded 6-Wege-Schrauber 0-68-012"" - STA068012",5.03,12.32,302
"Billa 1030 Löwengasse - Alpiland Teebutter 1,99€",1.99,3.09,143
Cashback für AMAZON bei PAYBACK [update] bis 11.05 [Infodeal] Kategorien für welche es Coupons für erhöhtes Cashback gibt,0,0,124
Enders Hyde 3 Sikr Turbo,299.99,349,171
30% Rabatt auf Kaffee und Tee bei J. Hornig,18.2,25.99,376
Crunchyroll Ani-May - 16 Anime Serien kostenlos streamen,0,0,408
Lieblingsfoto: 75% Rabatt auf Kinder-Spielmatten (verschiedene Größen + Designs),0,0,201
7 Euro Wettguthaben bei Admiral mit dem Code CUP7,0,0,428
"""Super Space Club"" (PC) + (Mobile: Android und iOS) gratis im Epic Games Store ab 1.5.25 17 Uhr",0,13.49,501
4000A Auto-Starthilfe Powerbank / Jumpstarter für 25 Euro,25.2,50,209
Google pixel 8 128gb,274.99,0,387
Behringer BA 85A Dynamisches Mikrofon mit Supernierencharakteristik,12.09,19.73,128
"[Lokal] Xiaomi Restposten bei Bauhaus Wr. Neudorf z.B. Smart Plug oder Bulb 5,-€",5,12.9,336
Marlenka Honigtorte bei Billa,9.99,14.59,273
Philips HR3770/10 Flip&Juice Hochleistungsmixer mit Entsaftermodul & ProBlend Ultra-Technologie 1500W,101.09,163,188
EPSON EcoTank ET2810 All-in-One Tintenstrahldrucker,133.66,205.54,286
Transformers: Galactic Trials (PS5),13.44,26.99,191
LACIE 2TB Festplatte Portable SSD V2 +Rescue Bis 1050 MB/s,125,169.99,226
Edifier NeoBuds Pro 2 True Wireless ANC In-Ear Kopfhörer,55.9,105.9,260
Cuboro Standard 32 Kugelbahn,160,219,153
1+1 Gratis Mid.You Fernsehsessel mit verstellbarer Rückenlehne & Fußstütze,99.9,318,173
"Bosch Serie 6 Staubsauger mit Beutel, 12m Aktionsradius, 600W",149,200.84,175
we-are-travel: Bis zu 20% Extra-Rabatt auf viele Reisegutscheine + kostenlose Stornoversicherung,0,0,196
"Homezone Schwerlastregal Leo, 75kg Tragkraft pro Boden, 75/175/30 cm",15,21.94,559
"0% Finanzierung für Tesla Model Y Yuniper Long Range Allrad & Alle Model 3 bzw. 1,49% für die anderen beiden Y Modelle",0,0,404
"Tipp3 - 5 € Freebet bei einer Wette ab 5 € (Quote +1,8)",5,10,295
DEICHMANN -20% auf alles* sparen/ -22% in der App,0,0,197
Reschen am See: Eden Boutique Hotel 4* mit Halbpension und Südtiroler Guest Pass - z.B. 2 Nächte,458,556,117
Mailand: Amedia Hotel Milano 4* mit Frühstück - z.B. 3 Nächten für 2 (Mai bis Dez),278,356.4,124
GOG - STAR WARS Force Bundle,9.09,48.79,161
"[Steam] Warhammer 40,000: Rogue Trader - The Shovel DLC | Kostenlos",0,0,183
[GzG] Nutella Biscuits - Beschreibung lesen!,0,3.89,387
Tronsmart Mirtune C2 Tragbarer Bluetooth-Lautsprecher,16.99,31.59,160
Kostenfrei Kindertarif für Kinder zwischen 6-11 wenn in Familien mind. zwei Tarifen im Unlimited Mix haben,0,0,190
Miele H2457 E Active Einbau-Herd Obsidianschwarz,597,729,160
Baue LEGO Star Wars Grogu und nimm ihn mit nach Hause!,0,0,283
Lisen Usb C Kabel für effektiv 1.26 per Stück,5.03,7.99,235
150 Interrail Global Pass-Tickets für Alpengebiet (7 Tage in einem Monat) plus Yoalin-Programm für 18-27 jährige die in den Alpen wohnen,50,286,165
Philips PSG2000/80 Dampfbügelstation,70.58,99.9,154
Bosch MUM5X734 Küchenmaschine mit Waage 1000 W Rot inkl. Zubehör,299,359.99,177
Tristar CM-1246 Kaffeemaschine 600W,15.12,23.08,158
Tronsmart Sounfii Q20 ANC Bluetooth-Kopfhörer,19,29.7,175
bea-fon C80 Handy inkl. HOT Sim Starterpaket (HOFER LOKAL),3.99,11.99,182
GameSir T7 Certified Wired Game Controller für Xbox & PC in verschiedenen Farben,26,42.12,182
Cineplexx: Monatssparer - Jeden ersten Sonntag im Monat für 6€ ins Kino (MISSION: IMPOSSIBLE - DEAD RECKONING Teil Eins 3€ am 04.05),0,0,571
"Sony PlayStation 5 Digital Edition (Slim) inkl. Astro Bot Bundle ► 379,80€ [PS5] Versand aus Amazon Frankreich",379.8,399,377
"PS5 - DualSense Wireless Controller Chroma Teal V2 ►58,72€ [PlayStation 5] Versand aus Amazon Frankreich",58.72,79.98,340
"Keter Kissenbox Hollywood 117,5x57,3x45 cm, wasserdicht",19.95,33.32,314
"GSW Pfanne, Eisen, Grau, 20 cm",10.22,14.16,212
adidas Entrada 22 Herren Jogginghose in S - XXL,26.15,32.94,191
Müller -50% auf HIPP Windeln 1-6 oder Pants 5-6,2.98,4.87,178
Gratis Dr. Beckmann Weichspülblätter Testen 100% Cashback,0,4.79,520
2x Edifier WH500 Bluetooth-Kopfhörer,45.9,71.98,165
8x Beurer TB 30/50 Bürstenköpfe für Oral-B Zahnbürsten,6.4,13.56,227
"[Prime] LISEN 4 in 1 Zigarettenanzünder USB C, 69W Einziehbares Auto Ladegerät",10.88,18.14,683
Midea Klimasplitgerät Portasplit,895,959,357
Lieblingsfoto: 85% Rabatt auf alle Hexagone,0,0,472
WD_BLACK C50 1TB Erweiterungskarte für XBox Series S|X | Versand Amazon Frankreich,107.17,123.19,158
"DOOM: The Dark Ages Limited Edition für XBox Series X|S, Xbox One, PCs und cloudfähige | Wireless Controller Versand Amazon Frankreich",58.76,79,243
"(Amazon Prime) Tapo C200C 360° WLAN Überwachungskamera für Innenbereich, 1080P, Nachtsicht, Bewegungserkennung, Alexa & Google Assistant,",16.96,23.89,181
"Tapo C410 KIT Solar Überwachungskamera mit Solarpanel, 2K 3MP, Farbnachtsicht, MicroSD-Speicher",46.28,73.38,227
SanDisk Ultra Slider USB-Type-C Stick 128 GB,11.09,14.36,231
Stofftiere um 5€ und Kleiderbügel für 2€ bei IKEA 02.+03.05 Wien Nord,0,0,212
"2x INIU Laptop Power Bank, 100W 25000mAh Powerbank USB-C Input&Output",57.42,113.88,353
Alpro Sojadrink ohne Zucker 8x 1L,12.02,19.25,183
Hochgenuss Haferdrink Klassik,0.6,0.89,230
"[Sammeldeal] Aktuelle Bierangebote bei Hofer, Lidl, Penny, Spar und Billa",0,0,338
"HONEYWHALE M2 Pro E-Scooter mit 500W Motor, 36V 10.4Ah Batterie, 8.5"" Reifen,, 32km/h Max Speed, 30km Reichweite",159,214,225
"Xiaomi Mi Band 9 in Silber, Blau oder Rosa",30.38,35,160
LEGO Marvel 76295 Helicarrier der Avengers,59.95,75,226
Carryhome ausziehbarer ESSTISCH 140-180/90/76 cm in Weiß/Schwarz oder Eiche/Schwarz,199,299,172
XXXLutz: 20% auf viele lagernde Outdoorteppiche,0,0,183
Xora ECKSOFA mit Schlaffunktion & Stauraum in Türkis 341/204 cm,999,1349,228
Einhell Elektro-Nass- & Trockensauger TC-VC-1820 S mit 1250W,26.9,45.37,251
Marktguru Promocode Käsekrainer 1€ Cashback,0,0,424
Carryhome Stuhl in Eisen mit Samtbezug in Dunkelgrau oder Grün,24.9,52.5,200
Ambia Garden Sonnenliege Donnatella 64/30/197 cm in Weiß,79,99.9,172
"SEVERIN Automatik-Toaster mit Brötchenaufsatz, 800W, Edelstahl",13.82,28.84,142
"Honey Whale E9 Elektroroller mit ABE-Zertifizierung, 350W Motor, 36V 7,5Ah Akku, 8,5 Zoll Reifen, 20 km/h, 25 km Reichweite",159,278,240
"home24 BEISTELLTISCH in Metall, Holzwerkstoff 40/30/60 cm in Schwarz oder Weiß",10,19,235
Lidl-Connect BLACK mit UNLIMITIERTEN DATEN!,14.9,0,374
Anycubic Kobra 3 Combo 3D Drucker,319,379,133
"TRUST Primo 4-in-1 Home Office Set mit Tastatur, Maus, Mauspad, Headset",15.99,24.99,167
"BRAUN FP 3231 WH PurEase Food Processor Collection Küchenmaschine mit Rührschüsselkapazität: 2,1 l, 800 Watt",49.7,79.9,160
"Coca Cola Limonaden 0,33 Liter - 12+12 Gratis",16.08,32.4,260
Info-Deal: Asfinag Streckenmaut Flex - ab der 4. Hin- und Rückfahrt im Jahr kostenlos,0,0,873
ZOOPLUS APP -20% Felix u. Goumet,0,0,153
(Empfehlung) Ninebot by Segway MAX G2E Elektro-Roller - Bestpreis,699,777.68,284
Apple iPhone 16 Pro (1TB) - NEU OVP,1459,1627,621
"Miele ""G 5450 SCVi Active Plus"" voll-integrierbarer Geschirrspüler - Bestpreis",997,1249,233
Alles steht Kopf 1+2 - Kollektion (Bluray),16.61,19.99,106
"PUMA ESS Essentials Solid Herren Windbreaker Jacke in Schwarz oder Grün, Größen S - XXL",30.99,42.9,118
Marktguru: 50% Cashback auf eine Glade Duftkerze (Geschenkidee),1.09,2.19,198
Assassin's Creed Mirage ►10€ / Deluxe Edition ►14€ [Ubisoft Store],10,17.39,196
50% Cashback auf NÖM vital+ Collagen Shots,1.38,3.69,184
"Amazon Basics 8 Stück Messerset, Schwarz, Rostfreier Stahl",13.3,18.74,267
"Preisjäger Junior / Hörspiel: ""Meister Eder und sein Pumuckl – Pumuckl und das Ostergeschenk"" gratis als Download",0,0,365
"[INFO] Sony senkt die Preise des Disc Drive für PS5 auf 79,99€ und zieht gleichzeitig den Preis für die PS5 digital ordenlich an",0,0,1012
"Nike Dunk Low Retro SE, Wheat / Wheat / Gum Yellow / Black | Größe 40-47",64.97,89.9,268
"Lazarotti Bologna Leather Shopper Tasche, 36 cm in verschiedenen Farben",72.9,87.44,144
Trentino (Nahe zum Gardasee): 4* Hotel San Giacomo mit Halbpension - 2 bis 3 Nächte,358,466,177
"Metall Geräteschuppen - Gerätehaus mit Fundamentrahmen Größe M (Größe XL für 252,98€ / Größe XXL für 354,98€)",167.98,214.98,294
"HiPP Babysanft Windeln Mini 2, 4-8kg, 93St (3x31)",9.46,20.91,230
Bosch Smart Home,100,259,149
"Air8 Stift für Apple iPad 2018-2025, 20H Akkulaufzeit (China Händler)",6.48,9.19,214
"""The Sun Never Sets"" (Windows PC) gratis bei IndieGala holen und behalten - DRM frei -",0,0.79,287
iFixit Set Mako + Mahi (Media Markt Wien Simmering ),36.99,59.9,213
Resch und Frisch Backofen + € 20 Gebäck,79.9,99.9,196
hitschies Kaubonbons Original Mix 5 x 150g,6.1,9.75,279
Kenwood MultiPro Compact FDM301SS – Kompakt-Küchenmaschine (800W),45.9,93.72,200
Luca Bessoni Kombiservice Fortunata 62 Teile,44,79.99,163
"Muttertags-Rabattt mit Rabatt für Blumenbestellung: 20€ ab 29,99€ bei Blume2000 nach ÖTicket Bestellung",0,0,116
Assassin's Creed Valhalla Ragnarök Edition (PS4),18.97,31.99,234
Resident Evil 4 Remake (PS5),15,23.9,195
"FlexiSpot EF1W elektrisch höhenverstellbarer Schreibtisch mit 2 Motoren & PR1407-White Tischplatte,140 80cm",234.99,277.64,169
Jungzwiebeln LIDL Plus App,0.59,1.39,137
"Ryanair: Zeitraum Mai - Ende Juni Hin & Retour nach Banja Luka, Bologna Krakau, Zadar, Bukarest, Venedig, Mailand, Riga, Rijeka, Sofia",29.98,0,297
"""6180 The Moon"" (XBOX) - 1 Game / kein Euro - ◯ ☽ ◑ ● ◐ ❨ ◯ keine Mondpreise hier",0.99,3.99,149
"Philips Luftbefeuchter HU2510/10, für 31qm",30,40.99,178
Jack & Jones Glenn Original Slim Fit Low-Waist Jeans in vielen Größen,20.87,29.99,257
(Magenta Kunden) 1+1 GRATIS Tickets in Hollywood Megaplex Kinos - dienstags,6,12,571
"BOMANN FFR 1290CB Fondue-Fritteuse inkl. 6 Fonduegabeln (1 l, 840 Watt, Weiß)",17.7,28.98,173
Gratis / Freebie - Kinderbuch / Auf Großer Fahrt Luna und Polly Pop in der wundersamen Welt des Wassers,0,0,104
CLATRONIC FR 3586 Kaltzone Fritteuse 2000 Watt,27.69,36.71,120
"Corsair iCUE QL120 RGB, 120-mm-RGB-LED-PWM-Lüfter",24.1,33.99,210
Gratis / Freebie - Attends Inkontinenz-Schutz,0,0,131
Gratis / Freebie - 9 versch. Pixi Bücher / nur Abholung in Wien,0,0,123
Gratis / Freebie - Vegan.at - Magazin / Sticker / Rezeptkarten / Poster,0,0,161
"""Poosh XL"" (Android / iOS) gratis im Google PlayStore oder Apple AppStore - keine Werbung / keine InApp-Käufe -",0,2.39,304
Lindt Lindor Kugeln 500g 1+1 Gratis +25% Extra-Rabatt Fr/Sa,10.12,13.49,224
Gratis / Freebie - Trinknahrung Nestle,0,0,140
EOL (End of Life) BlueBrixx Klemmbauhersteller - KEIN LEGO - WICHTIG! - Star Trek Sets,99,150,231
Forstinger Ölwechsel Aktion,66,99,498
Xerox Business Kopierpapier 5 x 500 Blatt,15.12,25.93,118
Cashback für AMAZON bei PAYBACK bis 30.04. [Infodeal] Kategorien für welche es Coupons für erhöhtes Cashback gibt,0,0,120
"G-STAR Herren Base T-Shirt 2-Pack in weiß zum Jahresbestpreis (S, M, L, XL, XXL)",23.99,29.95,149
Topex Werkzeugschrank,113.9,177.98,120
"[Kultmags.com] Videospiel / Computerspiel Zeitschriften / Lösungsbücher - PlayStation, XBox, C64, Amiga, PC uvm. als pdf Download Kostenlos",0,0,554
Billigsdorf: Redbull the winter edition iced gummy bear sugarfree,0.88,0,188
"Annke CPT500 - 3K Mini PT Speed Dome PoE Überwachungskamera mit Dual-Light Nachtsicht, 345° Schwenk & 80° Neigung & Auto-Tracking",54.99,72.59,139
"INIU 30W USB C Ladegerät 2-Pack, [USBC + USBA] Schnellladegerät mit Kabel",9.07,17.99,224
Steam-Festival der Kriegsspiele 2025 (Gratis Gegenstände),0,0,495
Gösser Bräu 20 Jahre Jubiläum Preise wie damals,0,0,369
BOSS 2 PACK - T-Shirt basic - black/white Hochwertig!,39.16,57.95,153
"MOC-123380 Deutschland Schloss Neuschwanstein, 57.602 Teile, 52kg, 160cm lang",2365.43,2687.99,282
Nike Air Force 1 '07 LV8 (HQ4987-010) black/vintage coral/phantom/pale ivory | Größe 39-41,62.8,83.99,188
SILK´N MOP1PE4P001 Motion Premium IPL Haarentfernungsgerät,129,236.03,166
nimm2 Lachgummi Cola Flaschies 200g,1.02,1.31,335
Sony WH-1000XM5 Blau ANC Over Ear Kopfhörer,233,287,111
Vorarlberg: Alpinresort Schillerkopf 4* mit Halbpension und Wellnessbereich - ab 2 Nächten Mai-Oktober,412.2,520,162
Gratis / Freebie - Art Magazin Lumas,0,0,147
"""Humble Choice"" mit Code MAY2025 12 Monate lang um 99€ abschließen bevor sich der Preis am 6. Mai erhöht",0,0,200
ALIFE AND KICKIN Kinder Winter-Jacke in 128/134 - 176/182,21.12,36.14,139
"Garderobenständer in schwarz oder weiß, 67/185/32 cm",25,49.9,298
Gratis / Freebie - Gelenk Complex für Hunde / Probe / Tägliches Bestelllimit...,0,0,305
"Turtle Beach React-R Controller in versch. Farben für Xbox Series X|S, Xbox One und PC",25.2,31.99,176
APA 16167 Hagelschutz-Vollgarage L,50.41,89.95,261
PIZ BUIN Tan & Protect Oil Spray LSF 15 150 ml,6.16,7.99,154
Jordan – Umhängetasche in Schwarz mit Logo,15.95,22.98,146
Funko POP! Star Wars: Ahsoka - Captain Enoch,6.04,16.92,107
"INIU Mag-Safe Ladegerät, 15W Qi2 Induktive iPhone Ladestation",13.3,24.19,183
JBL Tune 520 BT Wireless On-Ear Kopfhörer,30.24,40.99,192
Opodo Prime 1 Jahr kostenlos mit Paypal,0,44.99,197
"Carrera RC 370200001 Modellauto, 28cm, 12kmh, 30min Betriebsdauer (Retourenkauf: wie neu)",9.54,28.09,235
VAUDE Recycle Pro Single Fahrradtasche 22L,54.9,74.55,189
[foodora] €7 auf die erste Shop-Bestellung,7,0,210
[Magenta Moments] 1 Jahr Perplexity Pro (im Wert von 200€) für 300 Herzen,0,0,1317
"CIGA Design Mechanical Watch Series X Gorilla- 132.65$ (116,60€)",116.6,285.74,138
"Regal aus Metall, schwarz, 50/65/40 cm",15,29,202
"[Wien] Freier Eintritt ins MAK am Sonntag, den 4. Mai",0,16.5,294
GEOX RESPIRA Xled Kinder Alltags-Sneaker in 3 versch. Farben (Weiß Größe 31-39 / Blau Größe 37&39),26.15,43.16,224
Internationaler Museumstag in Graz 2025 Aktionstag mit freiem Eintritt,0,0,209
Alpro Haferdrink 8 x 1L,10.82,19.13,257
"Puma Smash 3.0 Butterfly Sneakers für Kinder, 22-26",22.36,32.9,175
QUICK DEAL - 100% Cashback auf NÖM vital+ Collagen Shots,0,3.69,423
[BESTPREIS] Lego Star Wars 75397 Jabbas Segelbarke,356.94,421.39,185
"Mama Bear Sensitive Baby Feuchttücher, Unparfümiert 4 x 768 Stück",33.28,43.64,171
"Apple AirTag, 4er-Pack",90.9,99.83,179
"Generalüberholter ETOE Seal Pro-Projektor mit 1000 ANSI, nativem 1080P, Google TV, Autofokus und Trapezkorrektur, 2 x 10-W-Lautsprecher",161.92,219.99,159
[MediaMarkt] illy - ganze Kaffeebohnen in verschiedenen Sorten (250 g),6.49,8.19,183
LEGO Star Wars 75367 Republikanischer Angriffskreuzer der Venator-Klasse,471.99,559.98,230
"Drano Power-Gel Rohrfrei 1L (oder 3 Stück um 7,23€)",2.71,3.67,308
INIU 100W USB C GaN 3 Ports Schnellladegerät inklusive 100W USB C Kabel,16.63,33.26,607
Gratis / Freebie - Wanderkarten Box / Babykochbuch / Ausmalvorlage / Bowl-Rezepte / Schweinehund Package - Versand österreichweit,0,0,261
"Audible: 3 Monate um je 0,99€ + für Nicht-Abonnenten oder 60 Tage für Prime Kunden (tw. personalisiert)",2.97,29.85,1562
Gratis / Freebie Kinder-Mitgliedschaft bis 19 Jahre von Mitglieder / incl. Privathaftpflicht & Unfallvers.,0,0,357
BILLA/+ J.Hornig Spezial 500g 1+1 Aktion,12.48,17.98,294
Dyson Airwrap Origin bei Dyson (für Magenta Kunden),349,462.41,232
"[Steam/Deck] Assassin's Creed: Director's Cut Edition ► 2,49€ | Action/Abenteuerspiel Klassiker | Metacritic 79",2.49,9.99,242
Bestway Flowclear Aquatronix Poolroboter,179.1,231.24,169
"[Steam/Deck] Driver: Parallel Lines ► 2,49€ | UbiSoft Actionspiel Klassiker | Metacritic 61 / 6.4",2.49,8.49,245
Gratis / Freebie - Stundenplan / bis zu 30 Stück / DIN A5,0,0,136
Withings BPM Connect - Kabelloses WLAN-Blutdruckmessgerät,64.95,90.96,402
"NUK 3-in-1 Magic Cup Trinklern-Set Zebra grün/blau, 230ml",10.07,14.1,145
(Geschenkidee) PHILIPS Lumea IPL BRI921/00 Korrekturtrimmer + IPL-Haarentfernungsgerät,222,273.26,194
PUMA Pwr Hybrid Trainingsschuhe 37-48 (Ebay/Zalando),31.96,42.96,245
"Presto! by Amazon: 3-lagige Jumbo Küchenrollen, weiß, 18 Rollen, je 80 Blatt",12.36,20.62,944
Gratis / Freebie - Reisen Probeheft / kein Abo / Archivausgabe,0,0,213
Midea portasplit,959.2,999,325
Info Ermäßigung Casino Freizeitticket Tirol,4,0,133
"Superdrive Gs850-X Racing Wheel mit manuellem Schalthebel und 3 Pedalen, für Xbox Serie X/S, Ps4, Xbox One",92.73,124.79,109
"DaranEner NEO300 300W LiFePO4 Tragbare Powerstation 268,8Wh",99.99,118.77,130
(Refurbished - wie neu) US iPhone 15 mit 512GB,699,1069.3,174
Universal Fernbedienung + Lifetime kostenlos für iOS,0,25,493
"Speedlink RAIT Gamepad Wireless Controller für Switch, PC oder PS3",15.12,26.22,221
New Balance Sneaker CW997H rosa | Größe 35-42,62.75,110,243
Une Nuit Nomade Sugar Leather Eau de Parfum 100ml,95.96,128,148
"Ninja Foodi FlexDrawer 10,4 L Heißluftfritteuse AF500EU",161.99,181.5,189
"Warcraft Remastered Battle Chest ►19,99€ (Warcraft I, Warcraft II, Warcraft III inkl. Klassiker) [BattleNet/Blizzard] Rollenspiele [Win PC]",19.99,39.99,278
READLY - 3 Monate kostenlos,0,44.97,970
Bestway Schwimmtier Einhorn 224 x 164 cm,17.81,32.39,223
"2x NIVEA Cellular Filler Tages- oder Nachtpflege, je 50ml",7.74,30.98,297
Gratis / Freebie Tirol-Poster 22 versch. / bestellbar per Mail,0,0,274
Gratis / Freebie ( nur Oberösterreich ) Reflektorbänder / max. 7 Stück - Bestellung oder Abholung,0,0,308
"2x LEDVANCE SMART+ WI-FI BRICK ST RGBW 14,5cm - dimmbare LED Wandleuchte dunkelgrau",35.9,82.92,138
Marriott Wien: Legendäres Cheese Cake Tasting,0,0,456
"MacBook Air 15“ (M3, 8-Core CPU 10-Core GPU 24GB 512 GB SSD)",1249.99,1451.09,357
About You: 20% on top auf über 146.000 Artikel,0,0,251
Gratis Eintritt i.d. Kunsthalle Wien am Wiener Linien Tag [WienMobil-App / Jahreskarte],0,12,605
"Bosch Hochdruckreiniger UniversalAquatak 125, 5m Schlauch",78.04,122.76,130
Asics Gel-Excite 10 black/wave teal | Größe 42-46,47.92,63.95,234
Cashback für AMAZON bei PAYBACK bis 27.04. -Kategorien für welche es Coupons für erhöhtes Cashback gibt,0,0,130
PS5: A Quiet Place: The Road Ahead,19.79,29.99,127
Gratis-Postkarte für Mama,0,2.49,759
Schreibtisch Samson in Eiche/Graphitfarben,75,161.1,240
Infodeal: Sky X schaltet die Free-TV Sender ab,0,0,385
"MID.YOU STUHL-SET 2 Sesseln aus Holz, mit Textilbezug, weiß",22.86,44.85,265
Lego 10280 Icons Blumenstrauß,34.99,41.35,251
Ninja Slackline-Set Pacour mit viel Zubehör,40.05,89.95,205
Gratis / Freebie - Garten+Haus Probeheft / kein Abo / Archivausgabe,0,0,242
"Carryhome SIDEBOARD 160/93/38 cm in weiß, Eiche Artisan",68,159,539
Keter Julie ausklappbarer Doppel-Gartentisch 292.9/75/89.4 cm,89.91,222.49,443
Jahreskarte für 20 Museen in der Steiermark,26,0,398
[GzG] Alpro High Protein Pudding (Plant Protein),0,1.59,634
Gratis / Freebie - Dosierkugel Waschmittel ( Per Mail / Tel. ) - von Coral,0,0,342
Gratis / Freebie ( nur Niederösterreich ) 2x Pixi Buch - Wir machen das zusammen! & Wehtun ist verboten! + 6 versch. Malbücher,0,0,500
"Gratis / Freebie ( für Wiener / Abholung ) Lavendel, Salbei & Thymian am 14.Mai / Yppenpark 14.30 bis 19 Uhr / Anmeldung erforderlich",0,0,172
Baue eine LEGO Blume zum Muttertag und nimm sie mit nach Hause!,0,0,435
"SONGMICS Höhenverstellbarer Schreibtisch elektrisch, 60T x 120B x (72-120)H cm",100.84,131.09,227
"GEOX Luminous Xled Kinder Sneaker in Blau oder Schwarz, Größen 31 - 39 mit atmungsaktiver Sohle",26.15,36.08,159
HyperX Cloud Stinger 2 Core Gaming-Headset,30.24,39.96,182
Peloponnes: Camvillia Resort & Spa 5* mit Halbpension und Zimmer mit Pool - z.B. 7 Nächte für 2,1334,2320,157
Eröffnungs-Deal am 29.04 in 1100: Schnitzelsemmel um 1€,1,5.4,264
"Wohnlandschaft Victoire Webstoff in 3 versch. Farben (Hellgrau, Creme und Dunkelgrau)",239,424,207
Türkische Visa-Debitkarte ohne Aufladelimit für YT & CO,1.4,0,401
Acemagician K1 Ryzen 5 7430U Barebone Mini PC,199,253,111
"[Lotterien Tage 2025] Gratis Eintritte: zB 16.5 Technisches Museum, 12.9 Kunst Haus Wien, 21.11 Naturhistorisches Museum",0,18,623
"(China Händler) 4x iPhone Ladekabel (Lightning), 2 Meter, MFi Zertifiziert zum guten Preis!",3.93,7.26,176
Gratis / Freebie - Novalac Prenatal Kapseln / 10er Packung / Schwangerschaft ( Nährstoffe ),0,0,175
5* Charisma and Wellness Suites Mykonos/Griechenland 3 Nächte Anfang Mai für zwei Personen in Deluxe Suite mit Private Pool & Frühstück,634,994,167
"LG QNED-Fernseher »86QNED85A6C«, 4K Ultra HD, Smart-TV",2269.98,3199,165
ECOVACS WINBOT MINI Fensterputzroboter,251.09,295.9,173
"Super Pro Boxsack »SET Water Air Bag«, (Set, mit Bandagen-mit Boxhandschuhen)",74.99,112.08,196
"LG 27G850A Gaming-LED-Monitor 27 Zoll, 4K, 1 ms Reaktionszeit, 240 Hz",516.4,693.94,227
Turtle Beach Recon 70 Gaming-Headset,25.2,34.99,169
"Donald Trump Toilettenbürste | Reinigungsbürste für den Heimgebrauch, Badezimmerzubehör",3.13,8.58,1908
Gratis Mini Spiel bei RAVENSBURGER im DZ,0,0,308
Teneriffa: Fergus Puerto De La Cruz 4* mit All Inclusive und Kinderermäßigungen - z.B. 7 Nächte für 2 Personen (+1 Kind),897,1290,214
"Sportspar Restgrößen Fixpreis Sale: Jeder Artikel nur 0,99€",0,0,150
"Ultimea Nova S90 7.1.4 Soundbar mit Subwoofer, Dolby Atmos & 740W",374,424.31,212
Wegfinder App: es gibt wieder 5€ Guthaben,5,0,349
Motobit App für Motorradfahrer zum Sonderpreis!! Mit Trick,19.99,29.99,159
"JUST LIGHT 12086-55 Smart-Home RGBWW LED-Deckenleuchte 27 W, 3090 lm, mit Fernbedienung & Dimmfunktion",24.94,59.99,110
100% Cashback auf Schwarzkopf Creme Supreme mit Promocode bei dm,0,11.45,538
"Xiaomi F2 Smart Fire TV 43"" 4K HDR10 Smart-Fernseher",181.6,279,256
"Media Markt 10% App Weekend Deals z.B. Google Pixel 9 Pro XL 512GB um 1016,-",0,0,274
Gratis / Freebie - Hundefutter/Katzenfutter Platinum Schnupperbox,0,0,301
[GzG] Formo Frischhain (bis zu 2 Packungen),0,4.98,281
Gratis / Freebie - Gengigel / 5 versch. Proben ( Mundspülung / Gel / Erste Zähnchen... ) Zahngesundheit,0,0,208
"-30% Sommer-Sale auf alle Hostels von Wombats wie London, München, Budapest und Wien",0,0,192
[GzG] 2€ Geld zurück für Ferrero Eis Multipacks,2.12,5.49,336
"Fischer & Honsel Tischleuchte Foro | bronzefarben, E14 Fassung",14.94,35.28,126
Rimini: Hotel Diana Rimini 3* mit Frühstück - z.B. 3 Nächte,138,218,290
"INIU 65W USB C Ladegerät, 3-in-1 Schnellladegerät mit USB-C Kabel",15.12,19.54,201
WMF Durado Wokpfanne 28cm,33,48.99,291
[MUTTERTAG LIGHT] LEGO 10368 Icons Chrysantheme,17.99,21.99,254
(Geschenkidee) LEGO 40460 Botanicals Rosen,7.99,11.42,309
[BESTPREIS] LEGO 10342 Botanicals Schöner Rosafarbener Blumenstrauß,34.99,44.71,248
Lego 10311 Icons Orchidee,29.99,40.9,316
[MUTTERTAG] Lego Botanicals 10328 Rosenstrauß,34.99,45.13,242
"Anker Nebula Cosmos 4K SE Beamer mit Dolby Vision, 200"", 1800ANSI Lumen Helligkeit",857.95,1099.99,296
BS3 Bürostuhl mit Kleiderbügel in Schwarz oder Dunkelblau,89.99,129.99,647
(Verfügbarkeitsdeal) Nuki Smart Lock Ultra + Pro 5,349,0,228
Gratis / Freebie - Mickey Maus Spezial Heft / Spielgeld,0,0,671
(Info-Deal) Besitzer eines Google Pixel 7a erhalten 400 Euro zurück,0,0,863
"Samsung Galaxy S24 AI Smartphone, Android-Handy ohne Vertrag, 8 GB RAM, 128 GB Speicher, 50-MP-Kamera, Lange Akkulaufzeit, Cobalt Violet",493.11,532.15,305
Cheesesteak 1.100 Sandwiches gratis by Philly Vienna Filiale Favoriten,0,0,464
"Prime Gaming April 25: Mafia III: Definitive Edition, Gravity Circuit, Minecraft Legends (XBOX und PC), Blood Omen: Legacy of Kain, ...",0,0,966
"""CHUCHEL"" (PC) kostenlos im Epic Games Store ab 24.4. 17 Uhr",0,9.99,581
Zwettler Export Lager zum Top Preis,13.8,16.8,279
PUMA Liga Training Pants PRO Trainingshose in Schwarz oder Blau & PUMA teamGOAL Casuals Herren T-Shirt 2er-Pack in vielen Farben & Größen,25.27,38.45,144
"""Silent Hill 2 Remake"" (PS5) Jesses Maria, Bestpreis.",40.33,59.85,305
New Balance KAWHI IV Schuhe / Größe 40-47,68.75,85,215
FNIRSI DWS-200 F245 Premium 200W Lötkolbenstation-Set mit 6 Lötspitzen und Farbdisplay,89,114.91,231
Puma ESS No.1 Logo Baseballcap Teenager,9.57,14.95,242
Gaming Tisch DX Racer 5 Schwarz,89.91,196.8,243
HOFER Gösser Bier bis -50 %!!!,14.8,0,154
"Gläserset Party Klar, 12-teilig (0,83€ pro Stück)",10,17.99,145
"Refurbished ETOE E3 Pro Projector mit Android TV, 500 ANSI, Native 1080P, 4K Decoding, Auto Focus & Keystone Correction",89,169.33,187
Withings Body Comp - Smarte WLAN-Personenwaage,139.96,175.99,157
Apple Smart Folio für das iPad Mini 7 (2024) / iPad Mini 6 (2021) - Schwarz,26.99,60.14,175
Apple Silikon-Case MagSafe für das iPhone 15 Plus,8.99,28.89,191
Paphos (Zypern): Atlantica Golden Beach Hotel 4* (Adults only) mit Halbpension - z.B. 1 Woche im Juni für 2 Personen,1235,1498,155
JBL Authentics 300 Tragbarer Smart Home Lautsprecher,252.1,319.9,219
"Lonsdale Herren Bangor Double Pack T Shirt, Black/Olive | Größe S-3XL (4XL & 5XL für 22,99€)",19.99,28.23,222
Rebuy: 18% Rabatt + gratis Versand ab 35€ Einkauf,0,0,222
Nintendo Switch 2 (Vorbestellung - Bestpreis!),445.4,469.99,244
"""Chuchel"" + ""Loop Hero"" (Android / iOS) gratis über Epic Games Store holen ab 24.4. 17 Uhr",0,5.99,407
Apple iPhone Feingewebe Wallet mit MagSafe – Schwarz,34.28,45.24,166
WWE 2K25 für Playstation 5,40.33,53.99,175
"Kabelloser PowerA-Controller für Nintendo Switch - Mario-Freude, offiziell lizensiert",25.2,35.62,330
NICI Kuscheltier Esel Donkeylee 33cm grau,11.95,19.99,146
"Meross WLAN Steckdose mit Strommessung, 4er Pack, 16A",34.6,47.04,140
"[Info Deal] Amazon Visa Kreditkarte in Ö. verfügbar mit 30€ Startgutschrift, 1% Cashback bei Amazon und 0,5% überall",0,0,2745
adidas Unisex Baseballkappe Baseball Lightweights Cap Metal,7.94,15.3,374
(Info Deal) A1 Kredikarten werden automatisch gekündigt,0,0,342
"ULTIMEA 5.0ch Soundbar Apollo S70 mit RGB-Beleuchtung, Soundsystem mit verstellbarem EQ, Bluetooth 5.3, HDMI-ARC/Opt/AUX",81.09,105,133
Christopeit Sport Heimtrainer Ergometer »ET 6«,302.39,364,170
JBL Tune 510BT On-Ear Kopfhörer in Blau der Weiß,25.9,32.99,208
"Educa Puzzle ""Das große Leben"" mit 24000 Teilen, 428 x 157cm (Bestpreis) oder 8000 Teile ""Stadt der Träume"" um 33,10€",101.5,158.98,160
Jelenia Plast Hochbeet 78x40x83cm,19.99,29.99,186
Xiaomi 15 Ultra 16+512GB,994.91,1202.14,303
Sony PlayStation 5 HD-Kamera bei Abholung in vielen Filialen,14.99,19.99,110
HIPP Bio-Milchbrei versch. Sorten,3,4.79,122
"Microsoft Surface Laptop 3 mit 13,5"" Display, Intel Core i5 der 10. Generation, 16 GB RAM und 1 TB SSD in drei Farben",504.95,599,239
"Philips NA130/00 Airfryer 1000 Series 6,2l",57.9,96.9,182
"Sharkoon Skiller SGK50 S2 Gaming Tastatur mit LEDs RGB, hot-swap, Gateron RED",60.41,89.44,134
Cozze 13 Gas-Pizzaofen Classic,134.99,150,243
TRADE REPUBLIC ist nun STEUEREINFACH in Österreich (AUCH AUF KRYPTOERTRÄGE),0,0,1213
"Reisekofferset “Nizza”, 3-teilig um 40 € (Abholung) / 50 € (mit Versand)",40,80,336
[GzG] Byodo Bio Pesto,0,3.69,315
"STEBA VG7000 Devil's Choice Deluxe Grillcenter Griller, Schwarz, Elektrogrill (2800 Watt)",499.99,579.9,121
Unold 58105 Einzel-Induktionskochfeld,39.7,69.99,146
"Ninkear MBOX 11 Mini PC 1mit Intel Twin Lake N150 Gen. 13, 16GB RAM, 512 GB SSD & Windows 11",136.13,187.01,241
"[dm live] gratis lavera Pflegeshampoo Repair & Tiefenpflege, 250 ml",0,5.75,343
"Jö-Rabatte bei Zgonc (-10% auf alles), Bipa (-25% auf ein Produkt oder mehrere), Libro (-20% auf ein Produkt) und OMV (-30% auf Autowäsche)",0,0,235
Istanbul: Lokalist Istanbul 5* mit Frühstück und Deluxe Zimmer - z.B. 7 Nächte im Juli für 2 Personen,786,1508,208
Bestway Lay-Z-Spa Bahamas AirJet Whirlpool,229.99,328.9,236
Rösle Topfset 4-tlg. EXPERTISO,83.94,113.29,176
Neuer PlayStation Store Sale [nur Bestpreise mit bis zu 90% ab Metascore 75] | PS4 & PS5 [PSN],0,0,531
Google Pixel 9a 128GB oder 256GB Trade IN Aktion mit 100€ Eintauschprämie auf das alte Handy,448,528,337
GASTROBACK 42619 Design Espresso Advanced Barista Espressomaschine,327,453.58,161
Brabantia 134647 XXL Bügelbrett für Dampfbügelstation Metallised 124x45cm,69.7,108.98,140
MA48 Angebote: Escape Room & Müllwagenfahrt,0,0,887
"KITCHEN AID 5KMT4109EBM Toaster mit 1960 Watt, 4 Schlitze",170.99,219.9,137
"Apple MacBook Air 13"", Midnight, M4 - 10 Core CPU / 8 Core GPU, 16GB RAM, 256GB SSD, DE",999,1050.82,343
Bestway LUFTSESSEL 112/112/66cm,10,18.99,261
"Profi Cook PC-ES 1209 Espressomaschine 20 Bar mit Edelstahldampfdüse, Aufschäumfunktion & Tassenvorwärmfunktion",69.99,101.22,152
Gratis Familypark Jahreskarte bei Eröffnung eines kostenlosen 4% SpareFroh oder Spark7 Kontos für Neukunden (ohne Mindestbeitrag),0,93,574
Weber Q & Pulse Reiniger 300ml,5.47,9.86,191
"LEVL UP ""Nuke Gaming"" oder ""Galaxy Gaming"", 12x0.5l",12.7,18,199
Ladis: 4* Natur-Hotel Puint mit Halbpension und Sommerkarte - z.B. 3 Nächte (Sommersaison),418,627,148
adidas All Court 3.0 Basketball Größe 6,15.95,26.01,131
Apple FineWoven Wallet MagSafe mit 'Find-My' Funktion - Taupe,26.99,49,158
Lechuza Balconera Steel Blumenkasten aus Metall 50 x 19 x 19 cm,161.33,240.95,135
[SAMMELDEAL] Abverkauf Ostersüßware,1.08,2.79,203
Remington Haarschneidemaschine mit Kabel HC5020,12.32,18.15,133
Für Neuabonnenten: 3 Monate Spotify Premium Individual GRATIS,0,32.97,280
"ORGANICS BY RED BULL Ginger Ale oder Black Orange 24x0.25l (0,7375€/Dose)",17.7,23.76,172
RAZER Ornata V3 TKL - Flache Mecha-Membran-RGB-Tastatur ohne Ziffernblock,49.99,68.56,174
"Apple TV+ drei Monate 4,99€(mtl.)",4.99,9.99,598
"Meross Smart HomeKit Wandschalter, kompatibel mit Siri, Alexa, und Google Home, 2,4 GHz, Kein Hub erforderlich",17.18,22.74,166
"PHILIPS HD9867/90 Premium Airfryer XXL Heißluftfritteuse (7,3L, 2225 Watt, Schwarz, App)",127,172.1,255
"Muttertags Thread mit Geschenkideen, Tipps & Tricks",0,0,416
Ezviz DB1 Pro WLAN-Video-Türklingel und Smart Chime,55.9,114.87,140
LEGO Star Wars Make & Take! U-Wing,0,0,285
Takko: 3 Sale Artikel zum Preis von 2,0,0,158
"MID.YOU REGAL in Eichefarben, 79,6/34,3/123,6 cm",29.85,54.85,199
Lieblingsfoto: 80% auf Leinwandbilder Kollektionen,0,0,813
SodaStream Crystal QC Promopack - mit Newsletter Gutschein,74.9,105,335
"Braun ThermoScan 7+ connect Ohrthermometer mit App-Anbindung, Age Precision und farbigem Display",61.47,69.99,142
Iglo Genießer Pfanne,3.49,6.99,201
"[Wien] Gratis Eintritt ins Literaturmuseum am Mittwoch, 23. April",0,9,305
Adidas SL 72 RS Preloved Red/Core White/Pure Ruby | Größe 36-48,46.5,75,157
"Geographical Norway Quara/Quoyal Herren Badehose, verschiedene Farben, S-XL",16.06,26.61,147
adidas Damen Schmetterlings-Sonnenbrille Urlaubs-Brille Violett oder Türkis,24.14,58,148
"Schwebetürenschrank Urbanline Weiß/Eichefarben | Breite/Höhe/Tiefe: 170,3/190,5/61,2 cm",85,177,469
Gratis Autowäsche oder Red Bull,0,17.9,1431
Thrustmaster T300 RS GT Force Feedback Racing Wheel - Offiziell lizenziert von Gran Turismo,282.35,352.97,237
Medisana MCG 820 Komfort Shiatsu-Akupressur-Massagesitzauflage,98.9,159.8,168
Tchibo: 25% auf Kaffee und Kapseln,32.99,43.98,467
"SONGMICS OBG077B01 Ergonomischer Gaming-Stuhl mit Teleskop-Fußstütze, verstellbare Kopfstütze, Lendenwirbelstütze",91.99,111.39,151
HiBREW H10A 19Bar Halbautomatische 58mm Siebträger Espresso-Kaffeemaschine,144,182.09,178
16 Kostenlose Kurse Thema KI | OpenAI Academy ChatGPT Kurse lernen | Freebie (Englisch),0,0,428
Kneipp Geschenkset Mandelblüten Hautzart Collection,8.05,14.95,269
"BRILLIANT Lampe Nerva Standleuchte titan/weiß | 2x C35, E14",21.34,32.99,157
"Gigabyte GS27FA 27"" FHD IPS Gaming Monitor 180Hz, 1ms",109.9,139.09,217
4 Aktionspackungen Knoppers kaufen = gratis Knoppers Shopper Sackerl,0,0,374
"JBL Junior 320BT Bluetooth On-Ear-Kopfhörer, blau oder lila",35,44.99,202
INIU 60W Zigarettenanzünder USB C PD&QC3.0 + 100W USB C Kabel (1m),6.42,12.74,278
"New Balance 237 Unisex Sneaker in 36 - 40,5 & 42,5, 44,5 und 46,5",42.5,55,272
"Sportspar: 3 zum Preis von 2 auf die Eigenmarke Jelex z.B. 3x 50 Trainingshütchen für 37,98€ statt 52,97€",0,0,170
"Bürostuhl mit atmungsaktivem Netzstoff-Sitz BS11 Pro, bis 130kg",289.99,399.99,160
"TP-Link MX515v ""CAT 12"" LTE Router + 1 Monat Lidl Connect Surf gratis",49.9,96,294
Oecolife Allzweck Power-Reiniger Pulver Probe,0,0,208
Apple iPad mini 2024 WiFi + Cellular 128 GB Blau,594,684.71,193
"Deal bei Gio's Kebabi: Hühner Döner für 1 € Steak Döner, Käsekrainer, Currywurst oder Pizzaschnitte für 2 €",1,6,308
"Weißer ausziehbarer Esstisch DT1 von Flexispot, 110-150cm",79.99,119.99,189
"New Balance Men's 878 Schuhe in 40 - 47,5",63.5,78,192
PUMA SLIPSTREAM Echtleder-Schuhe 37-46,46.32,62.4,211
Ondega Spielteppich Straße Multicolor Bobby 100x175cm,10,13.49,216
(Infodeal) Hermes erhöht Versandpreise,0,0,380
Lattafa Khamrah Qahwa Eau de Parfum 100ml,27.6,32,171
Converse Sonnenbrille SCO148 509Y Grau/Rot,28.17,49,171
Technivolt 100 Ladestation 11 kW,177.95,277.26,273
Bosch DIY EasyGrassCut 23 Elektro-Rasentrimmer ohne Akku,29.99,38.98,139
Doppler Basic Sonneschirm 200/200 cm mit verschiedenen Motiven,14.8,39,276
"HAMA WiFi LED-Lampe E27, 7W, Weiß",2,3.49,191
Dead Space Remake - [Xbox Series X],9.7,21.9,258
Sevylor MONTREAL 2+1 aufblasbares Familienkajak,257.95,619.95,319
"MSI FORGE GK310 Gaming Tastatur mit LEDs RGB, hot-swap, RED Switches",26.99,35.28,183
DJI Mini 3 Drohne mit 4K Videoaufnahme & RM330 Smart Controller,400.59,499,266
"Tapo C200C 360°-WLAN-Überwachungskamera für den Innenbereich, 1080P, Nachtsicht, Bewegungserkennung, 2-Wege-Audio, Alexa, Google Assistant",18.11,27.99,373
"Meta nutzt deine Daten für KI, so kannst du dich jetzt wehren",0,0,1283
10% auf alle Hotelbuchungen in der Check24-App,0,0,128
"Pierre Cardin Herren Armband-Uhr mit Faltschließe, Quarz-Uhr mit Edelstahl-Armband, 3ATM, 41mm, CBV.1028 Silber",40.99,58.3,127
"Steam Festival der Kistenpuzzlespiele 2025｜1 Animierter Avatar, 1x Avatar Rahmen + 1x Animierte Sticker | Kostenlos",0,0,464
Penny -50% auf alle Ostersüßwaren,1.49,2.99,321
"""Moving Out 2"" (PC) Steamkey zum Bestpreis beim offiziellen Reseller IndieGala holen",4.98,8.62,174
"Sharp ""Es-Nfb014cwa-De"" Waschmaschine (10kg, 1400 U/Min) - Bestpreis",340.82,498.9,422
"Film: ""Die Körperfresser kommen"" mit Jeff Goldblum, Donald Sutherland und Leonard Nemoy, als Stream oder zum Herunterladen von ARTE",0,2.99,322
"Razer Ornata V3 X, 1 RGB Zone, USB, DE",35,39.31,156
IKEA 10 Euro TACK Gutschein bei Einkauf ab 50 Euro vom 22.4.-4.5.2025,40,50,373
"PHILIPS Hue Dimmschalter Weiß V2, 3er Pack",19,52.23,287
"""Disney Illusion Island"" (Nintendo Switch) die Maus für wenig Mäuse",15,26.98,446
Shoe4You -20% auf Sneaker (Ausnahmen auf Website),75.96,94.95,262
NOVOO 120W USB C Ladegerät GaN Ⅲ 3-Port USB C Netzteil Schnellladegerät mit 1 PD 100W Typ-C-Kabel,18.3,29.99,434
INIU Qi2-zertifizierte 45W Magsafe-Powerbank 10000mAh mit USB-C Kabel & Stand,19.15,33.61,294
Uppababy Minu v2 Buggy (diverse Farben),107.91,189,151
Bis zu 30% oeticket Osterrabatt,0,0,533
Roborock Qrevo S Saug-/Wischroboter inkl. Absaug-/Reinigungsstation,484.02,569,200
adidas SP0004 0026C Transparent Sport Sonnenbrille,26.16,46.75,192
Ternua Mannun Herren Isolations-Jacke mit Microshell und Thermashell in verschiedenen Farben & Größen S - XXL,41.28,84.99,196
Oster Aktion: Ab in den Urlaub,0,0,161
"Maxi-Cosi Isofix-Base ""FamilyFix3""",77.42,111.55,214
Mähroboter Dreame A2 (Bauhaus /Tiefpreisgarantie),2199.2,2499,166
Goodyear Cashback Aktion,60,0,170
"EMP -15% Löffelweise Superpreise, auf fast alles !",0,0,132
Bauknecht BUO 3O41 PLT X Unterbau-Geschirrspüler 60 cm,432.61,533.95,164
Info-Deal: OpenFirmenbuch: Kostenloses Firmenbuch für Österreich,0,7.9,1922
Jö-App - 200 Ös extra bei Pearl,0,0,239
[Indiegala] Alessia's Dollhouse | Horrorspiel | Kostenlos | Sehr Positive Rezensionen bei Steam,0,0,392
R-Go Smartbar Monitorarm für zwei Monitore,107.9,147.53,160
Sage The Barista Touch Siebträger-Espressomaschine | SES880,707.95,0,173
MEDIA MARKT Jubiläums-Angebote um nur 35 Euro,0,0,140
Canton Sound M Smarte Singleroom Soundbar,299.95,361,191
"Bosch 18V Cashbackaktion: 2,5/4 Ah Akku oder 20€/40€ Cashback beim Kauf eines Bosch 18V Geräts",0,0,291
Billa Sticker Krone,0,0,501
Dolce Gusto 12Packungen für 43€ (22c pro Kapsel),43,63.48,176
3€ Freebet,0,0,498
"GOURMETMAXX 15305 Heißluftfritteuse mit Doppelkorb 11 l (2x5,5L) 2400 Watt",99,129,270
"[REWE Kartenwelt] Maximal 4,76 % Rabatt für iPhone, Google Pixel & Co. für Wunschgutscheine ==> einlösbar für Amazon",100,105,436
"""Ghostrunner 2"" (PS5) zum schneidgen Preis bei Media Markt",13.7,25.63,306
Qwertee - Großer T-Shirt Abverkauf ab 4€ pro Shirt,4,17,477
Le Feu Turtle 3.1 Gas-Pizzaofen,178.9,249,116
DEICHMANN online -20% auf eine riesige Auswahl!,0,0,225
DEATH STRANDING Director's Cut - PS5,19.99,29.9,232
TP-Link Deco X50 Mesh WLAN Set (2er Pack),102.76,129.9,205
"Film: ""Legenden der Leidenschaft"" mit Anthony Hopkins, Brad Pitt und Aidan Quinn, als Stream oder zum Herunterladen aus der 3Sat Mediathek",0,2.99,245
Adidas Camo Graphics Backpack utility black (IT7534),19,29.99,197
"""Grand Theft Auto V Premium Edition"" (PS4 / XBOX One und PS5 bzw. Series X durch Abwärtskompatibilität)",10,17.9,625
UNCHARTED: Legacy of Thieves Collection - PS5,19.99,33.28,230
RAZER Gaming-Stuhl »Tarok Pro X by Zen« bis 130kg,173.99,200.65,200
"Redbull 0,76€ bei Hofer ab 40€ mit Gutschein",0.77,0.99,191
"Smarter Toilettensitz Smartmi 2S: UV-Sterilisation, personalisiertes Waschen und Warmlufttrocknen",198.99,246.87,550
"PENNY Olivenöl 0,75 Liter um 6,39€",6.39,7.99,110
Xiaomi Smart Multifunktions - Reiskocher 3L,33.9,46.98,217
XXXLutz: 1+1 gratis auf ausgewählte Sesseln - z.B. 2x P&B Sessel in Bouclé braun oder weiß,33.95,98,535
"EliteBook 835 G8, 33,8cm/13,3"",Ryzen 5 Pro,256GB SSD (generalüberholt)",368.99,0,169
CHUCK 70 WEDGE PLATFORM - Sneaker high Trail Mixed/Egret/Schwarz | Größe 35-42,68.99,102.95,187
"TCL 98Q6C 98 Zoll QD-Mini LED Fernseher, 144Hz, 1000nits",1914.96,2198.99,239
"FLEXISPOT Relaxsessel, Pushback, Fernsehsessel mit Liegefunktion",138.84,220.99,227
"Ninebot by Segway E2 Pro E Elektro-Roller 25km/h, bis 40km",299,436,522
Midea PortaSplit Klimaanlage Wärmepumpe,868,0,319
JACOBS Auslese Crema Ganze Bohne 1kg,10.99,17.99,196
Philips Serie 2200 Kaffeevollautomat,262.16,274.99,151
[Hofer] Das Outdoory-Handy (Notfall-Handy) TCL 3189 schwarz/grau,23.99,49.41,268
Jö-App: Kaffee für 1 Ö bei OMV-Tankstellen (30x gültig),0.02,0,908
Nike Dunk Low Next Nature Women white/elemental pink | Größe 36-43,83.3,100.5,157
[Nespresso] 40€ Gutschein beim Kauf einer Maschine erhalten,40,0,158
Mavic Cosmic II Bib Herren Bikeshort in Schwarz oder Blau | Größe S-XXL,38.94,64.92,172
"PROFI COOK 2-Schlitz Toaster Vintage PC-TA 1193 anthrazit Toaster (Anthrazit, 815 Watt, Schlitze: 2)",25,47.31,188
"Lavazza Crema e Aroma Kaffeebohnen, 1.00kg",13.33,19.99,108
3x 250ml LIQUI MOLY Scheibenwischwasser Scheibenreiniger-Superkonzentrat Citrus 1:100,7.86,13.62,291
Athen Stadt: Royalty Suites Psyrri 4* mit Frühstück und Standard Studio - z.B. 7 Nächte Juli + August,609,1284,251
"Xiaomi POCO X6 Pro 5G Smartphone, 12/512GB, 67W Laden, 64MP 3-fach Kamera",215.04,242,348
Costa Brava: Adults Only: Lloret Vibe Affiliated by FERGUS 4* mit Halbpension und Deluxe Zimmer,597,756,236
vamos infinito,11.08,25,724
"MISURA EG34RWA 34-Zoll-WQHD-Monitor Curved, 165hz",285.9,0,202
"AtomStack P1 Lasergravierer, 5W, Gravierbereich: 110x110mm",182.99,235.96,213
Aktion bei Lidl Connect: -50% auf den 1. Monat,4.75,9.5,277
"DYSON V12 ORIGIN Stielstaubsauger (0,35 l, Akkulaufzeit: 60 min, Nickel) - App Deal",359.1,399,235
2x Ledvance Endura Garden Dot Gartenleuchte | 18 Dots | Warmweiß,30.9,68.06,175
"DE LONGHI ECAM450.55.G Eletta Explore Kaffeevollautomat (Grau, 19 bar, externer Milchbehälter) - App Deal",629.1,805.71,179
"Petra PT2017TVDE XL-Sandwichtoaster, 900W, BPA-frei",15.12,32.92,254
"[Apple iTunes] Gladiator II (4K, Dolby Atmos, Dolby Vision)",7.99,16.99,148
TP-Link Tapo T110 - Smarter Tür- & Fenstersensor - 6er Set,71.95,89.4,188
Grohe Rainshower Smartactive 310 Duschsystem mit Thermostatbatterie,407.95,673.61,201
SILIT Silit Calabria 24 & 28 cm Pfannen-Set (Edelstahl),49.99,79.9,462
FRESSNAPF -20 % auf Zubehör & Streu,0,0,248
"""Motorsport Manager Mobile 3"" (Android / iOS) gratis im Google PlayStore oder Apple AppStore - keine Werbung -",0,2.09,369
"Die 0,99€ Prime Video Leih Aktion ist wieder da! (Für Prime Mitglieder)",0.99,0,256
[VKI] Produktrückruf vom Hofer - GOURMET FINEST COUSINE (Sauce aus Kirchtomaten) - Lebensgefahr durch Glassplitter!!,0,0,225
Marktguru: 50cent Cashback auf Pommes,1.24,0,391
Infodeal: Kostenloses (oder günstiges) Ausborgen von Öfftickets (v.a. NÖ),0,0,571
XBox Store Sale [nur Bestpreise mit bis zu 95%] [Metascore ab 60] bis 01.05 [XBox 360 / One /Series S|X] [Sammeldeal],0,0,296
Philips 7000 Serie PastaMaker,160.34,179.99,168
Apple Pencil USB-C,75.63,83.9,262
carla Depot: -40% beim Afterwork-Shopping für Secondhand-Büromöbel (Aktion am 23.04.2025),0,0,186
Ratschings (Südtirol): Alphotel Tyrol 4* mit Vollpension und 2.000 m² Wellnessbereich - 7 Nächte für 2 Personen,1828,3080,167
"Rowenta Bodenstaubsauger RO6189EA, 400W, 12m Aktionsradius",150,199.9,157
"""Botanicula"" (PC) und (Mobile: Android / iOS) gratis im Epic Games Store ab 17.4. 17 Uhr",0,14.99,632
Trio Leuchten Wandspot Burton E14,14.85,20.92,225
"Preisjäger Junior: ""Grüffelo: Spiele"" (Android / iOS) gratis im Google PlayStore oder Apple AppStore - keine Werbung / keine InApp-Käufe -",0,2.99,405
"6er Pack Puma Damen Strings, Hipster oder Unterhosen",19.99,43.9,311
"PEUGEOT - Rechteckige Auflaufform aus Keramik - 22 cm x 11,3 cm x 5,1 cm, 10J Garantie",9.84,15.88,242
adidas Sport Herren Sonnen-Brille mit rot/orangenen Gläsern oder adidas Sonnen-Brille Damen mit blauen Gläsern,26.16,59.36,186
ATOMSTACK A20 PRO V2 20W Lasergraver Augenschutz 400mm / s High-Speed-Lasergraviermaschine,319.99,459.99,203
Google Pixel 9a mit gratis Pixel Buds A,549,0,249
"Garmin epix 2 Pro Sapphire black/carbon grey, 47mm",499.99,656.99,358
10 fach Punkte bei dm Graz,0,0,267
Hofer lokal Restposten: Polycarbonatkoffer 90l,24.99,0,367
Samsung Galaxy Wearables Cashbackaktion: bis zu 100€ Cashback auf Galaxy Watches oder Galaxy Buds,0,0,287
"Philips EP0820 Kaffeevollautomat, 12 Mahlgradeinstellungen, 1,8L Behälter",187.95,283.38,210
Gymondo 1 Monat statt 7 Tage lang gratis testen (Neukunden),0,0,196
MEDISANA Infrarot Körperthermometer TM A79,13.99,17.9,257
12x Schott Zwiesel Audience Weinglas | Rotwein oder Weißwein,25.9,45,218
"Preisjäger Junior/ Film: ""Mia and Me - Das Geheimnis von Centopia""",0,2.99,305
(Preisjäger Gewinnspiel) Die große Oster Flamedeer Jagd 2025,0,0,1989
"""Indiana Jones und der Grosse Kreis"" (PS5) aktuell günstigster Preis zum Release auf PS5",69.99,78.97,369
[Vorarlberg] V-Card -15%,75,88,261
800. Deal - Gutscheine durch Abonnieren von Newsletter mit Temp Mail,0,0,821
Tekken 7 Originals im Xbox Store und Playstation Store um 14.99,14.99,0,148
Samsung Q930D [CB] + TradeUp,380,589,183
Gratis Glem Vital Shampoo nach Rechnungsnachweis,0,0,866
MÜLLER App - 50% Rabatt auf eine Packung HiPP Windeln 1-6 oder Pants 5-6,6.47,12.95,321
[Steam] AtmaSphere - Kostenlos,0,0,559
"Interspar -15% auf Geschenkkarten (Cineplexx, Wellcard, Zalando, H&M, Hervis und Nike)",85,100,1508
DM live - gratis Pampers Feuchttücher,0,0,315
Cilio Chilimühle Piccante,11.5,16.76,389
Flexispot Ergonomischer Vollnetz-Bürostuhl BS4 bis 136kg,109.99,149.99,400
Ernstings Family: 50% auf Osterartikel,0,0,283
Enders Monroe Pro 4 SIK Turbo zum Obi Preis,499.99,549,344
Obergurgl: Gourmet & Wine Hotel Austria 4* mit Halbpension - z.B. 2 Nächte um 438€ für 2 Personen (+ Kinderermäßigungen) - Juli,432,528,272
"KONIFERA Rundpool »»AQUAFUN« ØxH: 355x90 cm«, (Set, 5 tlg.), in 2 Farben erhältlich",239.99,324.99,282
E-Auto kostenlos Laden (Übersicht),0,0,885
free Mastercard Gold: FREUNDE WERBEN 35€ ERHALTEN,0,0,492
ECOVACS GOAT G1-800 Mähroboter 800㎡ ohne Begrenzungskabel,704.87,847.94,315
PUMA Mini Cats Jogginganzug für Babys und Kleinkinder Gr. 62 - 104,17.99,22.99,335
"360° Vacuum Narrow Mouth Thermosflasche 750m, verschiedene Farben",12.67,22,354
LEGO 10333 Der Herr der Ringe: Barad-dûr,389.97,446.99,561
"Personalshop: 30% auf alle Marken ab 40€ Einkauf z.B. Reusch Damen Softshellmantel für 48,98€",0,0,214
[KwK] 50 € Gutschrift - TFBank TF Mastercard Gold Credit für Neukunden und Werber,50,0,457
The Lord of the Rings: Return to Moria (PS5),15.12,19.97,323
Xiaomi Mijia Smart Skipping Rope,23.61,29.99,136
"Bestron Mini-Waffeleisen Paw Patrol Design, Ø10 cm Waffeln mit Backampel",15.11,17.99,308
DM Drogerie Markt im Q19 feiert am 17.4.2025 Neueröffnung,0,0,375
"Philips HD9257/80 Airfryer XL 3000er Serie, 5,6L (refurbished)",72.99,116.92,347
"Ryanair Blitzverkauf: 20% auf ausgewählte Flüge - z.B. Zadar oder Rijeka hin und retour um 29,98€",29.98,0,731
"Bodylab Discovery Box - Probierbox (6 x 30g + Shaker) um 5,49€ + Versand",11.39,19.53,424
Wera Kraftform Kompakt W1 Wartung,94.88,109.9,335
Therme Erding - (Familien)Urlaubstag für 4 + XXL Pizza + Family Relax Egg für 199€,199,256.9,459
"Samsung UE98DU9070 98"" Crystal UHD Fernseher, 120hz (mit Trade In)",1880.15,2199,303
Creatopia Bastelgeschäft 1180 Wien - alles um die hälfte reduziert,0,0,307
2x Ledvance Endura Style Crystal Torch Sensor Außenleuchte,35.9,71.98,178
Clatronic HBB 3734 Hemdenbügler,46.99,68.17,330
Lidl: Apple Gift Card kaufen und 10% als Lidl Gutschein zurückerhalten,0,0,771
"""Sudoku Erstklassig"" (Android) gratis im Google PlayStore - ohne Werbung / ohne InApp-Käufe -",0,1.99,372
[Hofer ab 22.4.] Sandkasten mit Dach,29.99,59.99,315
"MID.YOU Schlafsessel Bastl, Liegefläche 80x200 cm, max. 140kg",92.05,149,355
"""Suche nach Bigfoot"" (Android / iOS) gratis im Google PlayStore oder Apple AppStore - ohne Werbung -",0,4.59,566
Midea Portasplit Klimaanlage,906.55,0,114
In Athen Segelboot Chartern bis 70% Vergünstigt,0,0,270
HUAWEI WATCH FIT 3 +Extra FreeBuds SE 2,109.92,136.23,296
Lindt Goldhase Vollmilch,1.59,2.79,495
Ultraschallreiniger Konzentrat 500 ml Bestpreis,3.7,5.99,244
(personalisiert) Magenta Moments - 500 Gratis Herzen fürs ausfüllen einer Umfrage,0,0,378
UPDATE JETZT 75 (!!) Prozent auf die gesamte Oster - Süßware,0,0,222
